,,,,,,,,,,,,,,,,,,,,,,,,,,,,,,,,,,,,,,,,,,,,,,,,,,,,,,,,,,,,,,,,,,,,,,,,,,,,,,,,,,,,,,,,,,,,,,,,,,,,,,,,,,,,,,,,,,,,,,,,,,,,,,,,StockBlockStone,StockBlockStone,BushBlockSilver,StockBlockStone,StockBlockStone,StockBlockStone,BushBlockSilver,StockBlockStone,StockBlockStone,StockBlockStone,BushBlockSilver,StockBlockStone,StockBlockStone,StockBlockStone,BushBlockSilver,StockBlockStone,,,,,,,,,,,,,,,,,,,,,,,,,,,,,,,,,StockBlockStone,StockBlockStone,BushBlockSilver,StockBlockStone,StockBlockStone,StockBlockStone,BushBlockSilver,StockBlockStone,StockBlockStone,StockBlockStone,BushBlockSilver,StockBlockStone,StockBlockStone,StockBlockStone,BushBlockSilver,StockBlockStone,,,,,,,,,,,,,,,,
,,,,,,,,,,,,,,,,,,,,,,,,,,,,,,,,,,,,,,,,,,,,,,,,,,,,,,,,,,,,,,,,,,,,,,,,,,,,,,,,,,,,,,,,,,,,,,,,,,,,,,,,,,,,,,,,,,,,,,,,,,,,,,,,BushBlockSilver,StockBlockStone,StockBlockStone,StockBlockStone,BushBlockSilver,StockBlockStone,StockBlockStone,StockBlockStone,BushBlockSilver,StockBlockStone,StockBlockStone,StockBlockStone,BushBlockSilver,StockBlockStone,StockBlockStone,StockBlockStone,,,,,,,,,,,,,,,,,,,,,,,,,,,,,,,,,BushBlockSilver,StockBlockStone,StockBlockStone,StockBlockStone,BushBlockSilver,StockBlockStone,StockBlockStone,StockBlockStone,BushBlockSilver,StockBlockStone,StockBlockStone,StockBlockStone,BushBlockSilver,StockBlockStone,StockBlockStone,StockBlockStone,,,,,,,,,,,,,,,,
,,,,,,,,,,,,,,,,,,,,,,,,,,,,,,,,,,,,,,,,,,,,,,,,,,,,,,,,,,,,,,,,,,,,,,,,,,,,,,,,,,,,,,,,,,,,,,,,,,,,,,,,,,,,,,,,,,,,,,,,,,,,,,,,BushBlockSilver,StockBlockStone,BushBlockSilver,BushBlockSilver,BushBlockSilver,StockBlockStone,BushBlockSilver,BushBlockSilver,BushBlockSilver,StockBlockStone,BushBlockSilver,BushBlockSilver,BushBlockSilver,StockBlockStone,BushBlockSilver,BushBlockSilver,,,,,,,,,,,,,,,,,,,,,,,,,,,,,,,,,BushBlockSilver,StockBlockStone,BushBlockSilver,BushBlockSilver,BushBlockSilver,StockBlockStone,BushBlockSilver,BushBlockSilver,BushBlockSilver,StockBlockStone,BushBlockSilver,BushBlockSilver,BushBlockSilver,StockBlockStone,BushBlockSilver,BushBlockSilver,,,,,,,,,,,,,,,,
,,,,,,,,,,,,,,,,,,,,,,,,,,,,,,,,,,,,,,,,,,,,,,,,,,,,,,,,,,,,,,,,,,,,,,,,,,,,,,,,,,,,,,,,,,,,,,,,,,,,,,,,,,,,,,,,,,,,,,,,,,,,,,,,StockBlockStone,BushBlockSilver,StockBlockStone,StockBlockStone,StockBlockStone,BushBlockSilver,StockBlockStone,StockBlockStone,StockBlockStone,BushBlockSilver,StockBlockStone,StockBlockStone,StockBlockStone,BushBlockSilver,StockBlockStone,StockBlockStone,,,,,,,,,,,,,,,,,,,,,,,,,,,,,,,,,StockBlockStone,BushBlockSilver,StockBlockStone,StockBlockStone,StockBlockStone,BushBlockSilver,StockBlockStone,StockBlockStone,StockBlockStone,BushBlockSilver,StockBlockStone,StockBlockStone,StockBlockStone,BushBlockSilver,StockBlockStone,StockBlockStone,,,,,,,,,,,,,,,,
,,,,,,,,,,,,,,,,,,,,,,,,,,,,,,,,,,,,,,,,,,,,,,,,,,,,,,,,,,,,,,,,,,,,,,,,,,,,,,,,,,,,,,,,,,,,,,,,,,,,,,,,,,,,,,,,,,,,,,,,,,,,,,,,StockBlockStone,StockBlockStone,BushBlockSilver,StockBlockStone,StockBlockStone,StockBlockStone,BushBlockSilver,StockBlockStone,StockBlockStone,StockBlockStone,BushBlockSilver,StockBlockStone,StockBlockStone,StockBlockStone,BushBlockSilver,StockBlockStone,,,,,,,,,,,,,,,,,,,,,,,,,,,,,,,,,StockBlockStone,StockBlockStone,BushBlockSilver,StockBlockStone,StockBlockStone,StockBlockStone,BushBlockSilver,StockBlockStone,StockBlockStone,StockBlockStone,BushBlockSilver,StockBlockStone,StockBlockStone,StockBlockStone,BushBlockSilver,StockBlockStone,,,,,,,,,,,,,,,,
,,,,,,,,,,,,,,,,,,,,,,,,,,,,,,,,,,,,,,,,,,,,,,,,,,,,,,,,,,,,,,,,,,,,,,,,,,,,,,,,,,,,,,,,,,,,,,,,,,,,,,,,,,,,,,,,,,,,,,,,,,,,,,,,BushBlockSilver,StockBlockStone,StockBlockStone,StockBlockStone,BushBlockSilver,StockBlockStone,StockBlockStone,StockBlockStone,BushBlockSilver,StockBlockStone,StockBlockStone,StockBlockStone,BushBlockSilver,StockBlockStone,StockBlockStone,StockBlockStone,,,,,,,,,,,,,,,,,,,,,,,,,,,,,,,,,BushBlockSilver,StockBlockStone,StockBlockStone,StockBlockStone,BushBlockSilver,StockBlockStone,StockBlockStone,StockBlockStone,BushBlockSilver,StockBlockStone,StockBlockStone,StockBlockStone,BushBlockSilver,StockBlockStone,StockBlockStone,StockBlockStone,,,,,,,,,,,,,,,,
,,,,,,,,,,,,,,,,,,,,,,,,,,,,,,,,,,,,,,,,,,,,,,,,,,,,,,,,,,,,,,,,,,,,,,,,,,,,,,,,,,,,,,,,,,,,,,,,,,,,,,,,,,,,,,,,,,,,,,,,,,,,,,,,BushBlockSilver,StockBlockStone,BushBlockSilver,BushBlockSilver,BushBlockSilver,StockBlockStone,BushBlockSilver,BushBlockSilver,BushBlockSilver,StockBlockStone,BushBlockSilver,BushBlockSilver,BushBlockSilver,StockBlockStone,BushBlockSilver,BushBlockSilver,,,,,,,,,,,,,,,,,,,,,,,,,,,,,,,,,BushBlockSilver,StockBlockStone,BushBlockSilver,BushBlockSilver,BushBlockSilver,StockBlockStone,BushBlockSilver,BushBlockSilver,BushBlockSilver,StockBlockStone,BushBlockSilver,BushBlockSilver,BushBlockSilver,StockBlockStone,BushBlockSilver,BushBlockSilver,,,,,,,,,,,,,,,,
,,,,,,,,,,,,,,,,,,,,,,,,,,,,,,,,,,,,,,,,,,,,,,,,,,,,,,,,,,,,,,,,,,,,,,,,,,,,,,,,,,,,,,,,,,,,,,,,,,,,,,,,,,,,,,,,,,,,,,,,,,,,,,,,StockBlockStone,BushBlockSilver,StockBlockStone,StockBlockStone,StockBlockStone,BushBlockSilver,StockBlockStone,StockBlockStone,StockBlockStone,BushBlockSilver,StockBlockStone,StockBlockStone,StockBlockStone,BushBlockSilver,StockBlockStone,StockBlockStone,,,,,,,,,,,,,,,,,,,,,,,,,,,,,,,,,StockBlockStone,BushBlockSilver,StockBlockStone,StockBlockStone,StockBlockStone,BushBlockSilver,StockBlockStone,StockBlockStone,StockBlockStone,BushBlockSilver,StockBlockStone,StockBlockStone,StockBlockStone,BushBlockSilver,StockBlockStone,StockBlockStone,,,,,,,,,,,,,,,,
,,,,,,,,,,,,,,,,,,,,,,,,,,,,,,,,,,,,,,,,,,,,,,,,,,,,,,,,,,,,,,,,,,,,,,,,,,,,,,,,,,,,,,,,,,,,,,,,,,,,,,,,,,,,,,,,,,,,,,,,,,,,,,,,StockBlockStone,StockBlockStone,BushBlockSilver,StockBlockStone,StockBlockStone,StockBlockStone,BushBlockSilver,StockBlockStone,StockBlockStone,StockBlockStone,BushBlockSilver,StockBlockStone,StockBlockStone,StockBlockStone,BushBlockSilver,StockBlockStone,,,,,,,,,,,,,,,,,,,,,,,,,,,,,,,,,StockBlockStone,StockBlockStone,BushBlockSilver,StockBlockStone,StockBlockStone,StockBlockStone,BushBlockSilver,StockBlockStone,StockBlockStone,StockBlockStone,BushBlockSilver,StockBlockStone,StockBlockStone,StockBlockStone,BushBlockSilver,StockBlockStone,,,,,,,,,,,,,,,,
,,,,,,,,,,,,,,,,,,,,,,,,,,,,,,,,,,,,,,,,,,,,,,,,,,,,,,,,,,,,,,,,,,,,,,,,,,,,,,,,,,,,,,,,,,,,,,,,,,,,,,,,,,,,,,,,,,,,,,,,,,,,,,,,BushBlockSilver,StockBlockStone,StockBlockStone,StockBlockStone,BushBlockSilver,StockBlockStone,StockBlockStone,StockBlockStone,BushBlockSilver,StockBlockStone,StockBlockStone,StockBlockStone,BushBlockSilver,StockBlockStone,StockBlockStone,StockBlockStone,,,,,,,,,,,,,,,,,,,,,,,,,,,,,,,,,BushBlockSilver,StockBlockStone,StockBlockStone,StockBlockStone,BushBlockSilver,StockBlockStone,StockBlockStone,StockBlockStone,BushBlockSilver,StockBlockStone,StockBlockStone,StockBlockStone,BushBlockSilver,StockBlockStone,StockBlockStone,StockBlockStone,,,,,,,,,,,,,,,,
,,,,,,,,,,,,,,,,,,,,,,,,,,,,,,,,,,,,,,,,,,,,,,,,,,,,,,,,,,,,,,,,,,,,,,,,,,,,,,,,,,,,,,,,,,,,,,,,,,,,,,,,,,,,,,,,,,,,,,,,,,,,,,,,BushBlockSilver,StockBlockStone,BushBlockSilver,BushBlockSilver,BushBlockSilver,StockBlockStone,BushBlockSilver,BushBlockSilver,BushBlockSilver,StockBlockStone,BushBlockSilver,BushBlockSilver,BushBlockSilver,StockBlockStone,BushBlockSilver,BushBlockSilver,,,,,,,,,,,,,,,,,,,,,,,,,,,,,,,,,BushBlockSilver,StockBlockStone,BushBlockSilver,BushBlockSilver,BushBlockSilver,StockBlockStone,BushBlockSilver,BushBlockSilver,BushBlockSilver,StockBlockStone,BushBlockSilver,BushBlockSilver,BushBlockSilver,StockBlockStone,BushBlockSilver,BushBlockSilver,,,,,,,,,,,,,,,,
,,,,,,,,,,,,,,,,,,,,,,,,,,,,,,,,,,,,,,,,,,,,,,,,,,,,,,,,,,,,,,,,,,,,,,,,,,,,,,,,,,,,,,,,,,,,,,,,,,,,,,,,,,,,,,,,,,,,,,,,,,,,,,,,StockBlockStone,BushBlockSilver,StockBlockStone,StockBlockStone,StockBlockStone,BushBlockSilver,StockBlockStone,StockBlockStone,StockBlockStone,BushBlockSilver,StockBlockStone,StockBlockStone,StockBlockStone,BushBlockSilver,StockBlockStone,StockBlockStone,,,,,,,,,,,,,,,,,,,,,,,,,,,,,,,,,StockBlockStone,BushBlockSilver,StockBlockStone,StockBlockStone,StockBlockStone,BushBlockSilver,StockBlockStone,StockBlockStone,StockBlockStone,BushBlockSilver,StockBlockStone,StockBlockStone,StockBlockStone,BushBlockSilver,StockBlockStone,StockBlockStone,,,,,,,,,,,,,,,,
,,,,,,,,,,,,,,,,,,,,,,,,,,,,,,,,,,,,,,,,,,,,,,,,,,,,,,,,,,,,,,,,,,,,,,,,,,,,,,,,,,,,,,,,,,,,,,,,,,,,,,,,,,,,,,,,,,,,,,,,,,,,,,,,StockBlockStone,StockBlockStone,BushBlockSilver,StockBlockStone,StockBlockStone,StockBlockStone,BushBlockSilver,StockBlockStone,StockBlockStone,StockBlockStone,BushBlockSilver,StockBlockStone,StockBlockStone,StockBlockStone,BushBlockSilver,StockBlockStone,,,,,,,,,,,,,,,,,,,,,,,,,,,,,,,,,StockBlockStone,StockBlockStone,BushBlockSilver,StockBlockStone,StockBlockStone,StockBlockStone,BushBlockSilver,StockBlockStone,StockBlockStone,StockBlockStone,BushBlockSilver,StockBlockStone,StockBlockStone,StockBlockStone,BushBlockSilver,StockBlockStone,,,,,,,,,,,,,,,,
,,,,,,,,,,,,,,,,,,,,,,,,,,,,,,,,,,,,,,,,,,,,,,,,,,,,,,,,,,,,,,,,,,,,,,,,,,,,,,,,,,,,,,,,,,,,,,,,,,,,,,,,,,,,,,,,,,,,,,,,,,,,,,,,BushBlockSilver,StockBlockStone,StockBlockStone,StockBlockStone,BushBlockSilver,StockBlockStone,StockBlockStone,StockBlockStone,BushBlockSilver,StockBlockStone,StockBlockStone,StockBlockStone,BushBlockSilver,StockBlockStone,StockBlockStone,StockBlockStone,,,,,,,,,,,,,,,,,,,,,,,,,,,,,,,,,BushBlockSilver,StockBlockStone,StockBlockStone,StockBlockStone,BushBlockSilver,StockBlockStone,StockBlockStone,StockBlockStone,BushBlockSilver,StockBlockStone,StockBlockStone,StockBlockStone,BushBlockSilver,StockBlockStone,StockBlockStone,StockBlockStone,,,,,,,,,,,,,,,,
,,,,,,,,,,,,,,,,,,,,,,,,,,,,,,,,,,,,,,,,,,,,,,,,,,,,,,,,,,,,,,,,,,,,,,,,,,,,,,,,,,,,,,,,,,,,,,,,,,,,,,,,,,,,,,,,,,,,,,,,,,,,,,,,BushBlockSilver,StockBlockStone,BushBlockSilver,BushBlockSilver,BushBlockSilver,StockBlockStone,BushBlockSilver,BushBlockSilver,BushBlockSilver,StockBlockStone,BushBlockSilver,BushBlockSilver,BushBlockSilver,StockBlockStone,BushBlockSilver,BushBlockSilver,,,,,,,,,,,,,,,,,,,,,,,,,,,,,,,,,BushBlockSilver,StockBlockStone,BushBlockSilver,BushBlockSilver,BushBlockSilver,StockBlockStone,BushBlockSilver,BushBlockSilver,BushBlockSilver,StockBlockStone,BushBlockSilver,BushBlockSilver,BushBlockSilver,StockBlockStone,BushBlockSilver,BushBlockSilver,,,,,,,,,,,,,,,,
,,,,,,,,,,,,,,,,,,,,,,,,,,,,,,,,,,,,,,,,,,,,,,,,,,,,,,,,,,,,,,,,,,,,,,,,,,,,,,,,,,,,,,,,,,,,,,,,,,,,,,,,,,,,,,,,,,,,,,,,,,,,,,,,StockBlockStone,BushBlockSilver,StockBlockStone,StockBlockStone,StockBlockStone,BushBlockSilver,StockBlockStone,StockBlockStone,StockBlockStone,BushBlockSilver,StockBlockStone,StockBlockStone,StockBlockStone,BushBlockSilver,StockBlockStone,StockBlockStone,,,,,,,,,,,,,,,,,,,,,,,,,,,,,,,,,StockBlockStone,BushBlockSilver,StockBlockStone,StockBlockStone,StockBlockStone,BushBlockSilver,StockBlockStone,StockBlockStone,StockBlockStone,BushBlockSilver,StockBlockStone,StockBlockStone,StockBlockStone,BushBlockSilver,StockBlockStone,StockBlockStone,,,,,,,,,,,,,,,,
,,,,,,,,,,,,,,,,,,,,,,,,,,,,,,,,,,,,,,,,,,,,,,,,,,,,,,,,,,,,,,,,,,,,,,,,,,,,,,,,,,,,,,,,,,,,,,,,,,,,,,,,,,,,,,,,,,,,,,,,,,,,,,,,StockBlockStone,StockBlockStone,BushBlockSilver,StockBlockStone,,,,,,,StockBlockStone,StockBlockStone,BushBlockSilver,StockBlockStone,VerticalTubeStoneBlock,StockBlockStone,BluePipesBlock,BlueMetalBlock,BluePipesBlock,BlueMetalBlock,BlueMetalBlock,BluePipesBlock,BlueMetalBlock,BlueMetalBlock,BluePipesBlock,BlueMetalBlock,BluePipesBlock,BlueMetalBlock,BlueMetalBlock,BluePipesBlock,BlueMetalBlock,BlueMetalBlock,BluePipesBlock,BlueMetalBlock,BluePipesBlock,BlueMetalBlock,BlueMetalBlock,BluePipesBlock,BlueMetalBlock,BlueMetalBlock,BluePipesBlock,BlueMetalBlock,BluePipesBlock,BlueMetalBlock,BlueMetalBlock,BluePipesBlock,BlueMetalBlock,BlueMetalBlock,VerticalTubeStoneBlock,StockBlockStone,,,,,,,,,StockBlockStone,,,,VerticalTubeStoneBlock,StockBlockStone,,,,,,,,,,,,,,,,
,,,,,,,,,,,,,,,,,,,,,,,,,,,,,,,,,,,,,,,,,,,,,,,,,,,,,,,,,,,,,,,,,,,,,,,,,,,,,,,,,,,,,,,,,,,,,,,,,,,,,,,,,,,,,,,,,,,,,,,,,,,,,,,,BushBlockSilver,StockBlockStone,StockBlockStone,StockBlockStone,,,,Zeela,,,BushBlockSilver,StockBlockStone,StockBlockStone,StockBlockStone,StockBlockStone,StockBlockStone,BlueBrickBlock,BlueBrickBlock,BlueBrickBlock,BlueBrickBlock,BlueMetalBlock,BlueMetalBlock,BluePipesBlock,BluePipesBlock,BlueMetalBlock,BlueMetalBlock,BluePipesBlock,BluePipesBlock,BlueMetalBlock,BlueMetalBlock,BluePipesBlock,BluePipesBlock,BlueMetalBlock,BlueMetalBlock,BluePipesBlock,BluePipesBlock,BlueMetalBlock,BlueMetalBlock,BluePipesBlock,BluePipesBlock,BlueMetalBlock,BlueMetalBlock,BluePipesBlock,BluePipesBlock,BlueBrickBlock,BlueBrickBlock,BlueBrickBlock,BlueBrickBlock,StockBlockStone,StockBlockStone,,,,,,,,,,,,,StockBlockStone,StockBlockStone,,,,,,,,,,,,,,,,
,,,,,,,,,,,,,,,,,,,,,,,,,,,,,,,,,,,,,,,,,,,,,,,,,,,,,,,,,,,,,,,,,,,,,,,,,,,,,,,,,,,,,,,,,,,,,,,,,,,,,,,,,,,,,,,,,,,,,,,,,,,,,,,,BushBlockSilver,StockBlockStone,BushBlockSilver,BushBlockSilver,,,,StockBlockStone,TubeBlockBlue,StockBlockStone,BushBlockSilver,StockBlockStone,BushBlockSilver,BushBlockSilver,BushBlockSilver,VerticalTubeStoneBlock,BlueBrickBlock,BlueBrickBlock,BlueBrickBlock,BlueBrickBlock,BlueBrickBlock,BlueBrickBlock,BlueBrickBlock,BlueBrickBlock,BlueBrickBlock,BlueBrickBlock,BlueBrickBlock,BlueBrickBlock,,,,,BlueBrickBlock,BlueBrickBlock,BlueBrickBlock,BlueBrickBlock,,,,,,,,,BlueBrickBlock,BlueBrickBlock,BlueBrickBlock,BlueBrickBlock,BushBlockSilver,VerticalTubeStoneBlock,,,,StockBlockStone,,,,,,,,,BushBlockSilver,VerticalTubeStoneBlock,,,,,,,,,,,,,,,,
,,,,,,,,,,,,,,,,,,,,,,,,,,,,,,,,,,,,,,,,,,,,,,,,,,,,,,,,,,,,,,,,,,,,,,,,,,,,,,,,,,,,,,,,,,,,,,,,,,,,,,,,,,,,,,,,,,,,,,,,,,,,,,,,StockBlockStone,BushBlockSilver,StockBlockStone,StockBlockStone,,,,,,,StockBlockStone,BushBlockSilver,StockBlockStone,StockBlockStone,StockBlockStone,StockBlockStone,BlueBrickBlock,BlueBrickBlock,BlueBrickBlock,BlueBrickBlock,BlueBrickBlock,BlueBrickBlock,StoneBlockWithEyes,BlueBrickBlock,BlueBrickBlock,BlueBrickBlock,BlueBrickBlock,StoneBlockWithEyes,,,,,BlueBrickBlock,BlueBrickBlock,BlueBrickBlock,BlueBrickBlock,,,,,,,,,BlueBrickBlock,BlueBrickBlock,BlueBrickBlock,BlueBrickBlock,StockBlockStone,StockBlockStone,,,,,,,,Zeela,,,,,StockBlockStone,StockBlockStone,,,,,,,,,,,,,,,,
,,,,,,,,,,,,,,,,,,,,,,,,,,,,,,,,,,,,,,,,,,,,,,,,,,,,,,,,,,,,,,,,,,,,,,,,,,,,,,,,,,,,,,,,,,,,,,,,,,,,,,,,,,,,,,,,,,,,,,,,,,,,,,,,VerticalTubeStoneBlock,StockBlockStone,,,,,,,,,,,,,VerticalTubeStoneBlock,BushBlockSilver,BlueBrickBlock,BlueBrickBlock,BlueBrickBlock,BlueBrickBlock,,,VerticalTubeStoneBlock,,,,,VerticalTubeStoneBlock,,,,,BlueBrickBlock,BlueBrickBlock,BlueBrickBlock,BlueBrickBlock,,,,,,,,,BlueBrickBlock,BlueBrickBlock,BlueBrickBlock,BlueBrickBlock,VerticalTubeStoneBlock,BushBlockSilver,,,,,,,,StockBlockStone,,,,,VerticalTubeStoneBlock,BushBlockSilver,,,,,,,,,,,,,,,,
,,,,,,,,,,,,,,,,,,,,,,,,,,,,,,,,,,,,,,,,,,,,,,,,,,,,,,,,,,,,,,,,,,,,,,,,,,,,,,,,,,,,,,,,,,,,,,,,,,,,,,,,,,,,,,,,,,,,,,,,,,,,,,,,StockBlockStone,StockBlockStone,,,,,,,,,,,,,BlueDoorTopLeft,OrangeDoorBlock,OrangeDoorBlock,BlueDoorTopRight,,,,,VerticalTubeStoneBlock,,,,,VerticalTubeStoneBlock,,,,,BlueBrickBlock,BlueBrickBlock,BlueBrickBlock,BlueBrickBlock,,,,,,,,,,,BlueDoorTopLeft,OrangeDoorBlock,OrangeDoorBlock,BlueDoorTopRight,,,,,,,,,,,,,VerticalTubeStoneBlock,StockBlockStone,,,,,,,,,,,,,,,,
,,,,,,,,,,,,,,,,,,,,,,,,,,,,,,,,,,,,,,,,,,,,,,,,,,,,,,,,,,,,,,,,,,,,,,,,,,,,,,,,,,,,,,,,,,,,,,,,,,,,,,,,,,,,,,,,,,,,,,,,,,,,,,,,BushBlockSilver,VerticalTubeStoneBlock,StockBlockStone,StockBlockStone,BushBlockSilver,StockBlockStone,,,,,,,,,BlueDoorMiddleLeft,OrangeDoorBlock,OrangeDoorBlock,BlueDoorMiddleRight,,,,,VerticalTubeStoneBlock,,,,,VerticalTubeStoneBlock,,,,,BlueBrickBlock,BlueBrickBlock,BlueBrickBlock,BlueBrickBlock,,,,,,,,,,,BlueDoorMiddleLeft,OrangeDoorBlock,OrangeDoorBlock,BlueDoorMiddleRight,,,,,,,,,,,,,StockBlockStone,StockBlockStone,,,,,,,,,,,,,,,,
,,,,,,,,,,,,,,,,,,,,,,,,,,,,,,,,,,,,,,,,,,,,,,,,,,,,,,,,,,,,,,,,,,,,,,,,,,,,,,,,,,,,,,,,,,,,,,,,,,,,,,,,,,,,,,,,,,,,,,,,,,,,,,,,StockBlockStone,StockBlockStone,BushBlockSilver,StockBlockStone,StockBlockStone,StockBlockStone,,,,,,,,,BlueDoorBottomLeft,OrangeDoorBlock,OrangeDoorBlock,BlueDoorBottomRight,,,,,StoneBlockWithEyes,,,,,StoneBlockWithEyes,,,,,,,,,,,,,,,,,,,BlueDoorBottomLeft,OrangeDoorBlock,OrangeDoorBlock,BlueDoorBottomRight,,,,,,,,,,,,,VerticalTubeStoneBlock,StockBlockStone,,,,,,,,,,,,,,,,
,,,,,,,,,,,,,,,,,,,,,,,,,,,,,,,,,,,,,,,,,,,,,,,,,,,,,,,,,,,,,,,,,,,,,,,,,,,,,,,,,,,,,,,,,,,,,,,,,,,,,,,,,,,,,,,,,,,,,,,,,,,,,,,,VerticalTubeStoneBlock,BushBlockSilver,BushBlockSilver,StockBlockStone,BushBlockSilver,BushBlockSilver,,,,,,StockBlockStone,TubeBlockBlue,StockBlockStone,,StockBlockStone,BlueBrickBlock,BlueBrickBlock,BlueBrickBlock,BlueBrickBlock,,,,,,,,,,,,,,,,,,,,,,,,,BlueBrickBlock,BlueBrickBlock,BlueBrickBlock,BlueBrickBlock,VerticalTubeStoneBlock,StockBlockStone,StockBlockStone,,,,StockBlockStone,,,,,,,,VerticalTubeStoneBlock,StockBlockStone,,,,,,,,,,,,,,,,
,,,,,,,,,,,,,,,,,,,,,,,,,,,,,,,,,,,,,,,,,,,,,,,,,,,,,,,,,,,,,,,,,,,,,,,,,,,,,,,,,,,,,,,,,,,,,,,,,,,,,,,,,,,,,,,,,,,,,,,,,,,,,,,,VerticalTubeStoneBlock,StockBlockStone,StockBlockStone,BushBlockSilver,StockBlockStone,StockBlockStone,,,,,,,,,StockBlockStone,StockBlockStone,BlueBrickBlock,BlueBrickBlock,BlueBrickBlock,BlueBrickBlock,,,,,,,,,,,,,,,,,,,,,,,,,BlueBrickBlock,BlueBrickBlock,BlueBrickBlock,BlueBrickBlock,StockBlockStone,StockBlockStone,,,,,,,,,,,StockBlockStone,,StockBlockStone,StockBlockStone,,,,,,,,,,,,,,,,
,,,,,,,,,,,,,,,,,,,,,,,,,,,,,,,,,,,,,,,,,,,,,,,,,,,,,,,,,,,,,,,,,,,,,,,,,,,,,,,,,,,,,,,,,,,,,,,,,,,,,,,,,,,,,,,,,,,,,,,,,,,,,,,,StockBlockStone,StockBlockStone,,,,,,,Zeela,,,,,,BushBlockSilver,VerticalTubeStoneBlock,BlueBrickBlock,BlueBrickBlock,BlueBrickBlock,BlueBrickBlock,,,,,,,,,,,StoneBlockWithEyes,,,,,,,,,,,,,,BlueBrickBlock,BlueBrickBlock,BlueBrickBlock,BlueBrickBlock,BushBlockSilver,VerticalTubeStoneBlock,,,,,,,,,,,,,BushBlockSilver,VerticalTubeStoneBlock,,,,,,,,,,,,,,,,
,,,,,,,,,,,,,,,,,,,,,,,,,,,,,,,,,,,,,,,,,,,,,,,,,,,,,,,,,,,,,,,,,,,,,,,,,,,,,,,,,,,,,,,,,,,,,,,,,,,,,,,,,,,,,,,,,,,,,,,,,,,,,,,,VerticalTubeStoneBlock,StockBlockStone,StockBlockStone,StockBlockStone,BushBlockSilver,StockBlockStone,StockBlockStone,StockBlockStone,StockBlockStone,StockBlockStone,,,,,StockBlockStone,StockBlockStone,BlueBrickBlock,BlueBrickBlock,BlueBrickBlock,BlueBrickBlock,,,,,,,,,,,VerticalTubeStoneBlock,,,,,,,,,,,,,,BlueBrickBlock,BlueBrickBlock,BlueBrickBlock,BlueBrickBlock,StockBlockStone,StockBlockStone,,,,,,,,,,,,,StockBlockStone,StockBlockStone,,,,,,,,,,,,,,,,
,,,,,,,,,,,,,,,,,,,,,,,,,,,,,,,,,,,,,,,,,,,,,,,,,,,,,,,,,,,,,,,,,,,,,,,,,,,,,,,,,,,,,,,,,,,,,,,,,,,,,,,,,,,,,,,,,,,,,,,,,,,,,,,,StockBlockStone,StockBlockStone,BushBlockSilver,StockBlockStone,StockBlockStone,StockBlockStone,,,,,,,,,VerticalTubeStoneBlock,StockBlockStone,BlueBrickBlock,BlueBrickBlock,BlueBrickBlock,BlueBrickBlock,,,,,,,,,,,VerticalTubeStoneBlock,,,,,,,,,,,,,,BlueBrickBlock,BlueBrickBlock,BlueBrickBlock,BlueBrickBlock,VerticalTubeStoneBlock,BushBlockSilver,,,Zeela,,,,StockBlockStone,,,,,,VerticalTubeStoneBlock,BushBlockSilver,,,,,,,,,,,,,,,,
,,,,,,,,,,,,,,,,,,,,,,,,,,,,,,,,,,,,,,,,,,,,,,,,,,,,,,,,,,,,,,,,,,,,,,,,,,,,,,,,,,,,,,,,,,,,,,,,,,,,,,,,,,,,,,,,,,,,,,,,,,,,,,,,BushBlockSilver,VerticalTubeStoneBlock,BushBlockSilver,StockBlockStone,BushBlockSilver,BushBlockSilver,,,,,,,,,StockBlockStone,StockBlockStone,BlueBrickBlock,BlueBrickBlock,BlueBrickBlock,BlueBrickBlock,BlueBrickBlock,BlueBrickBlock,BlueBrickBlock,BlueBrickBlock,LavaBlockTop,BlueBrickBlock,BlueBrickBlock,RedPipeLeft,RedPipeRight,BlueBrickBlock,BlueBrickBlock,LavaBlockTop,BlueBrickBlock,BlueBrickBlock,BlueBrickBlock,LavaBlockTop,BlueBrickBlock,RedPipeLeft,RedPipeRight,BlueBrickBlock,BlueBrickBlock,BlueBrickBlock,BlueBrickBlock,BlueBrickBlock,BlueBrickBlock,BlueBrickBlock,BlueBrickBlock,BlueBrickBlock,VerticalTubeStoneBlock,StockBlockStone,,,StockBlockStone,,,,,,,,,,VerticalTubeStoneBlock,StockBlockStone,,,,,,,,,,,,,,,,
,,,,,,,,,,,,,,,,,,,,,,,,,,,,,,,,,,,,,,,,,,,,,,,,,,,,,,,,,,,,,,,,,,,,,,,,,,,,,,,,,,,,,,,,,,,,,,,,,,,,,,,,,,,,,,,,,,,,,,,,,,,,,,,,StockBlockStone,StockBlockStone,StockBlockStone,BushBlockSilver,StockBlockStone,StockBlockStone,,,,,,,,,BushBlockSilver,VerticalTubeStoneBlock,BlueBrickBlock,BlueBrickBlock,BlueBrickBlock,BlueBrickBlock,BlueBrickBlock,BlueBrickBlock,BlueBrickBlock,BlueBrickBlock,LavaBlock,BlueBrickBlock,BlueBrickBlock,BlueBrickBlock,BlueBrickBlock,BlueBrickBlock,BlueBrickBlock,LavaBlock,BlueBrickBlock,BlueBrickBlock,BlueBrickBlock,LavaBlock,BlueBrickBlock,BlueBrickBlock,BlueBrickBlock,BlueBrickBlock,BlueBrickBlock,BlueBrickBlock,BlueBrickBlock,BlueBrickBlock,BlueBrickBlock,BlueBrickBlock,BlueBrickBlock,BlueBrickBlock,StockBlockStone,StockBlockStone,,,,,,,,,,,,,StockBlockStone,StockBlockStone,,,,,,,,,,,,,,,,
,,,,,,,,,,,,,,,,,,,,,,,,,,,,,,,,,,,,,,,,,,,,,,,,,,,,,,,,,,,,,,,,,,,,,,,,,,,,,,,,,,,,,,,,,,,,,,,,,,,,,,,,,,,,,,,,,,,,,,,,,,,,,,,,StockBlockStone,StockBlockStone,BushBlockSilver,StockBlockStone,,,,,,,StockBlockStone,StockBlockStone,BushBlockSilver,StockBlockStone,VerticalTubeStoneBlock,StockBlockStone,BluePipesBlock,BlueMetalBlock,BluePipesBlock,BlueMetalBlock,BlueMetalBlock,BluePipesBlock,BlueMetalBlock,BlueMetalBlock,BluePipesBlock,BlueMetalBlock,BluePipesBlock,BlueMetalBlock,BlueMetalBlock,BluePipesBlock,BlueMetalBlock,BlueMetalBlock,BluePipesBlock,BlueMetalBlock,BluePipesBlock,BlueMetalBlock,BlueMetalBlock,BluePipesBlock,BlueMetalBlock,BlueMetalBlock,BluePipesBlock,BlueMetalBlock,BluePipesBlock,BlueMetalBlock,BlueMetalBlock,BluePipesBlock,BlueMetalBlock,BlueMetalBlock,VerticalTubeStoneBlock,StockBlockStone,,,,,,,,,StockBlockStone,,,,VerticalTubeStoneBlock,StockBlockStone,,,,,,,,,,,,,,,,
,,,,,,,,,,,,,,,,,,,,,,,,,,,,,,,,,,,,,,,,,,,,,,,,,,,,,,,,,,,,,,,,,,,,,,,,,,,,,,,,,,,,,,,,,,,,,,,,,,,,,,,,,,,,,,,,,,,,,,,,,,,,,,,,BushBlockSilver,StockBlockStone,StockBlockStone,StockBlockStone,,,,Zeela,,,BushBlockSilver,StockBlockStone,StockBlockStone,StockBlockStone,StockBlockStone,StockBlockStone,BlueBrickBlock,BlueBrickBlock,BlueBrickBlock,BlueBrickBlock,BlueMetalBlock,BlueMetalBlock,BluePipesBlock,BluePipesBlock,BlueMetalBlock,BlueMetalBlock,BluePipesBlock,BluePipesBlock,BlueMetalBlock,BlueMetalBlock,BluePipesBlock,BluePipesBlock,BlueMetalBlock,BlueMetalBlock,BluePipesBlock,BluePipesBlock,BlueMetalBlock,BlueMetalBlock,BluePipesBlock,BluePipesBlock,BlueMetalBlock,BlueMetalBlock,BluePipesBlock,BluePipesBlock,BlueBrickBlock,BlueBrickBlock,BlueBrickBlock,BlueBrickBlock,VerticalTubeStoneBlock,StockBlockStone,,,,,,,,,,,,,VerticalTubeStoneBlock,StockBlockStone,,,,,,,,,,,,,,,,
,,,,,,,,,,,,,,,,,,,,,,,,,,,,,,,,,,,,,,,,,,,,,,,,,,,,,,,,,,,,,,,,,,,,,,,,,,,,,,,,,,,,,,,,,,,,,,,,,,,,,,,,,,,,,,,,,,,,,,,,,,,,,,,,BushBlockSilver,StockBlockStone,BushBlockSilver,BushBlockSilver,,,,StockBlockStone,TubeBlockBlue,StockBlockStone,BushBlockSilver,StockBlockStone,BushBlockSilver,BushBlockSilver,BushBlockSilver,VerticalTubeStoneBlock,BlueBrickBlock,BlueBrickBlock,BlueBrickBlock,BlueBrickBlock,BlueBrickBlock,BlueBrickBlock,BlueBrickBlock,BlueBrickBlock,BlueBrickBlock,BlueBrickBlock,BlueBrickBlock,BlueBrickBlock,,,,,BlueBrickBlock,BlueBrickBlock,BlueBrickBlock,BlueBrickBlock,,,,,,,,,BlueBrickBlock,BlueBrickBlock,BlueBrickBlock,BlueBrickBlock,StockBlockStone,StockBlockStone,,,,StockBlockStone,,,,,,,,,StockBlockStone,StockBlockStone,,,,,,,,,,,,,,,,
,,,,,,,,,,,,,,,,,,,,,,,,,,,,,,,,,,,,,,,,,,,,,,,,,,,,,,,,,,,,,,,,,,,,,,,,,,,,,,,,,,,,,,,,,,,,,,,,,,,,,,,,,,,,,,,,,,,,,,,,,,,,,,,,StockBlockStone,BushBlockSilver,StockBlockStone,StockBlockStone,,,,,,,StockBlockStone,BushBlockSilver,StockBlockStone,StockBlockStone,StockBlockStone,StockBlockStone,BlueBrickBlock,BlueBrickBlock,BlueBrickBlock,BlueBrickBlock,BlueBrickBlock,BlueBrickBlock,StoneBlockWithEyes,BlueBrickBlock,BlueBrickBlock,BlueBrickBlock,BlueBrickBlock,StoneBlockWithEyes,,,,,BlueBrickBlock,BlueBrickBlock,BlueBrickBlock,BlueBrickBlock,,,,,,,,,BlueBrickBlock,BlueBrickBlock,BlueBrickBlock,BlueBrickBlock,BushBlockSilver,VerticalTubeStoneBlock,,,,,,,,Zeela,,,,,BushBlockSilver,VerticalTubeStoneBlock,,,,,,,,,,,,,,,,
,,,,,,,,,,,,,,,,,,,,,,,,,,,,,,,,,,,,,,,,,,,,,,,,,,,,,,,,,,,,,,,,,,,,,,,,,,,,,,,,,,,,,,,,,,,,,,,,,,,,,,,,,,,,,,,,,,,,,,,,,,,,,,,,VerticalTubeStoneBlock,StockBlockStone,,,,,,,,,,,,,VerticalTubeStoneBlock,BushBlockSilver,BlueBrickBlock,BlueBrickBlock,BlueBrickBlock,BlueBrickBlock,,,VerticalTubeStoneBlock,,,,,VerticalTubeStoneBlock,,,,,BlueBrickBlock,BlueBrickBlock,BlueBrickBlock,BlueBrickBlock,,,,,,,,,BlueBrickBlock,BlueBrickBlock,BlueBrickBlock,BlueBrickBlock,StockBlockStone,StockBlockStone,,,,,,,,StockBlockStone,,,,,StockBlockStone,StockBlockStone,,,,,,,,,,,,,,,,
,,,,,,,,,,,,,,,,,,,,,,,,,,,,,,,,,,,,,,,,,,,,,,,,,,,,,,,,,,,,,,,,,,,,,,,,,,,,,,,,,,,,,,,,,,,,,,,,,,,,,,,,,,,,,,,,,,,,,,,,,,,,,,,,StockBlockStone,StockBlockStone,,,,,,,,,,,,,BlueDoorTopLeft,OrangeDoorBlock,OrangeDoorBlock,BlueDoorTopRight,,,,,VerticalTubeStoneBlock,,,,,VerticalTubeStoneBlock,,,,,BlueBrickBlock,BlueBrickBlock,BlueBrickBlock,BlueBrickBlock,,,,,,,,,,,BlueDoorTopLeft,OrangeDoorBlock,OrangeDoorBlock,BlueDoorTopRight,,,,,,,,,,,,,VerticalTubeStoneBlock,BushBlockSilver,,,,,,,,,,,,,,,,
,,,,,,,,,,,,,,,,,,,,,,,,,,,,,,,,,,,,,,,,,,,,,,,,,,,,,,,,,,,,,,,,,,,,,,,,,,,,,,,,,,,,,,,,,,,,,,,,,,,,,,,,,,,,,,,,,,,,,,,,,,,,,,,,BushBlockSilver,VerticalTubeStoneBlock,StockBlockStone,StockBlockStone,BushBlockSilver,StockBlockStone,,,,,,,,,BlueDoorMiddleLeft,OrangeDoorBlock,OrangeDoorBlock,BlueDoorMiddleRight,,,,,VerticalTubeStoneBlock,,,,,VerticalTubeStoneBlock,,,,,BlueBrickBlock,BlueBrickBlock,BlueBrickBlock,BlueBrickBlock,,,,,,,,,,,BlueDoorMiddleLeft,OrangeDoorBlock,OrangeDoorBlock,BlueDoorMiddleRight,,,,,,,,,,,,,VerticalTubeStoneBlock,StockBlockStone,,,,,,,,,,,,,,,,
,,,,,,,,,,,,,,,,,,,,,,,,,,,,,,,,,,,,,,,,,,,,,,,,,,,,,,,,,,,,,,,,,,,,,,,,,,,,,,,,,,,,,,,,,,,,,,,,,,,,,,,,,,,,,,,,,,,,,,,,,,,,,,,,StockBlockStone,StockBlockStone,BushBlockSilver,StockBlockStone,StockBlockStone,StockBlockStone,,,,,,,,,BlueDoorBottomLeft,OrangeDoorBlock,OrangeDoorBlock,BlueDoorBottomRight,,,,,StoneBlockWithEyes,,,,,StoneBlockWithEyes,,,,,,,,,,,,,,,,,,,BlueDoorBottomLeft,OrangeDoorBlock,OrangeDoorBlock,BlueDoorBottomRight,,,,,,,,,,,,,StockBlockStone,StockBlockStone,,,,,,,,,,,,,,,,
,,,,,,,,,,,,,,,,,,,,,,,,,,,,,,,,,,,,,,,,,,,,,,,,,,,,,,,,,,,,,,,,,,,,,,,,,,,,,,,,,,,,,,,,,,,,,,,,,,,,,,,,,,,,,,,,,,,,,,,,,,,,,,,,VerticalTubeStoneBlock,BushBlockSilver,BushBlockSilver,StockBlockStone,BushBlockSilver,BushBlockSilver,,,,,,StockBlockStone,TubeBlockBlue,StockBlockStone,,StockBlockStone,BlueBrickBlock,BlueBrickBlock,BlueBrickBlock,BlueBrickBlock,,,,,,,,,,,,,,,,,,,,,,,,,BlueBrickBlock,BlueBrickBlock,BlueBrickBlock,BlueBrickBlock,VerticalTubeStoneBlock,StockBlockStone,StockBlockStone,,,,StockBlockStone,,,,,,,,VerticalTubeStoneBlock,StockBlockStone,,,,,,,,,,,,,,,,
,,,,,,,,,,,,,,,,,,,,,,,,,,,,,,,,,,,,,,,,,,,,,,,,,,,,,,,,,,,,,,,,,,,,,,,,,,,,,,,,,,,,,,,,,,,,,,,,,,,,,,,,,,,,,,,,,,,,,,,,,,,,,,,,VerticalTubeStoneBlock,StockBlockStone,StockBlockStone,BushBlockSilver,StockBlockStone,StockBlockStone,,,,,,,,,StockBlockStone,StockBlockStone,BlueBrickBlock,BlueBrickBlock,BlueBrickBlock,BlueBrickBlock,,,,,,,,,,,,,,,,,,,,,,,,,BlueBrickBlock,BlueBrickBlock,BlueBrickBlock,BlueBrickBlock,VerticalTubeStoneBlock,StockBlockStone,,,,,,,,,,,StockBlockStone,,VerticalTubeStoneBlock,StockBlockStone,,,,,,,,,,,,,,,,
,,,,,,,,,,,,,,,,,,,,,,,,,,,,,,,,,,,,,,,,,,,,,,,,,,,,,,,,,,,,,,,,,,,,,,,,,,,,,,,,,,,,,,,,,,,,,,,,,,,,,,,,,,,,,,,,,,,,,,,,,,,,,,,,StockBlockStone,StockBlockStone,,,,,,,Zeela,,,,,,BushBlockSilver,VerticalTubeStoneBlock,BlueBrickBlock,BlueBrickBlock,BlueBrickBlock,BlueBrickBlock,,,,,,,,,,,StoneBlockWithEyes,,,,,,,,,,,,,,BlueBrickBlock,BlueBrickBlock,BlueBrickBlock,BlueBrickBlock,StockBlockStone,StockBlockStone,,,,,,,,,,,,,StockBlockStone,StockBlockStone,,,,,,,,,,,,,,,,
,,,,,,,,,,,,,,,,,,,,,,,,,,,,,,,,,,,,,,,,,,,,,,,,,,,,,,,,,,,,,,,,,,,,,,,,,,,,,,,,,,,,,,,,,,,,,,,,,,,,,,,,,,,,,,,,,,,,,,,,,,,,,,,,VerticalTubeStoneBlock,StockBlockStone,StockBlockStone,StockBlockStone,BushBlockSilver,StockBlockStone,StockBlockStone,StockBlockStone,StockBlockStone,StockBlockStone,,,,,StockBlockStone,StockBlockStone,BlueBrickBlock,BlueBrickBlock,BlueBrickBlock,BlueBrickBlock,,,,,,,,,,,VerticalTubeStoneBlock,,,,,,,,,,,,,,BlueBrickBlock,BlueBrickBlock,BlueBrickBlock,BlueBrickBlock,BushBlockSilver,VerticalTubeStoneBlock,,,,,,,,,,,,,BushBlockSilver,VerticalTubeStoneBlock,,,,,,,,,,,,,,,,
,,,,,,,,,,,,,,,,,,,,,,,,,,,,,,,,,,,,,,,,,,,,,,,,,,,,,,,,,,,,,,,,,,,,,,,,,,,,,,,,,,,,,,,,,,,,,,,,,,,,,,,,,,,,,,,,,,,,,,,,,,,,,,,,StockBlockStone,StockBlockStone,BushBlockSilver,StockBlockStone,StockBlockStone,StockBlockStone,,,,,,,,,VerticalTubeStoneBlock,StockBlockStone,BlueBrickBlock,BlueBrickBlock,BlueBrickBlock,BlueBrickBlock,,,,,,,,,,,VerticalTubeStoneBlock,,,,,,,,,,,,,,BlueBrickBlock,BlueBrickBlock,BlueBrickBlock,BlueBrickBlock,StockBlockStone,StockBlockStone,,,Zeela,,,,StockBlockStone,,,,,,StockBlockStone,StockBlockStone,,,,,,,,,,,,,,,,
,,,,,,,,,,,,,,,,,,,,,,,,,,,,,,,,,,,,,,,,,,,,,,,,,,,,,,,,,,,,,,,,,,,,,,,,,,,,,,,,,,,,,,,,,,,,,,,,,,,,,,,,,,,,,,,,,,,,,,,,,,,,,,,,BushBlockSilver,VerticalTubeStoneBlock,BushBlockSilver,StockBlockStone,BushBlockSilver,BushBlockSilver,,,,,,,,,StockBlockStone,StockBlockStone,BlueBrickBlock,BlueBrickBlock,BlueBrickBlock,BlueBrickBlock,BlueBrickBlock,BlueBrickBlock,BlueBrickBlock,BlueBrickBlock,LavaBlockTop,BlueBrickBlock,BlueBrickBlock,RedPipeLeft,RedPipeRight,BlueBrickBlock,BlueBrickBlock,LavaBlockTop,BlueBrickBlock,BlueBrickBlock,BlueBrickBlock,LavaBlockTop,BlueBrickBlock,RedPipeLeft,RedPipeRight,BlueBrickBlock,BlueBrickBlock,BlueBrickBlock,BlueBrickBlock,BlueBrickBlock,BlueBrickBlock,BlueBrickBlock,BlueBrickBlock,BlueBrickBlock,VerticalTubeStoneBlock,BushBlockSilver,,,StockBlockStone,,,,,,,,,,VerticalTubeStoneBlock,BushBlockSilver,,,,,,,,,,,,,,,,
,,,,,,,,,,,,,,,,,,,,,,,,,,,,,,,,,,,,,,,,,,,,,,,,,,,,,,,,,,,,,,,,,,,,,,,,,,,,,,,,,,,,,,,,,,,,,,,,,,,,,,,,,,,,,,,,,,,,,,,,,,,,,,,,StockBlockStone,StockBlockStone,StockBlockStone,BushBlockSilver,StockBlockStone,StockBlockStone,,,,,,,,,BushBlockSilver,VerticalTubeStoneBlock,BlueBrickBlock,BlueBrickBlock,BlueBrickBlock,BlueBrickBlock,BlueBrickBlock,BlueBrickBlock,BlueBrickBlock,BlueBrickBlock,LavaBlock,BlueBrickBlock,BlueBrickBlock,BlueBrickBlock,BlueBrickBlock,BlueBrickBlock,BlueBrickBlock,LavaBlock,BlueBrickBlock,BlueBrickBlock,BlueBrickBlock,LavaBlock,BlueBrickBlock,BlueBrickBlock,BlueBrickBlock,BlueBrickBlock,BlueBrickBlock,BlueBrickBlock,BlueBrickBlock,BlueBrickBlock,BlueBrickBlock,BlueBrickBlock,BlueBrickBlock,BlueBrickBlock,VerticalTubeStoneBlock,StockBlockStone,,,,,,,,,,,,,VerticalTubeStoneBlock,StockBlockStone,,,,,,,,,,,,,,,,
,,,,,,,,,,,,,,,,,,,,,,,,,,,,,,,,,,,,,,,,,,,,,,,,,,,,,,,,,,,,,,,,,,,,,,,,,,,,,,,,,,,,,,,,,,,,,,,,,,,,,,,,,,,,,,,,,,,,,,,,,,,,,,,,StockBlockStone,StockBlockStone,BushBlockSilver,StockBlockStone,,,,,,,StockBlockStone,StockBlockStone,BushBlockSilver,StockBlockStone,VerticalTubeStoneBlock,StockBlockStone,BluePipesBlock,BlueMetalBlock,BluePipesBlock,BlueMetalBlock,BlueMetalBlock,BluePipesBlock,BlueMetalBlock,BlueMetalBlock,BluePipesBlock,BlueMetalBlock,BluePipesBlock,BlueMetalBlock,BlueMetalBlock,BluePipesBlock,BlueMetalBlock,BlueMetalBlock,BluePipesBlock,BlueMetalBlock,BluePipesBlock,BlueMetalBlock,BlueMetalBlock,BluePipesBlock,BlueMetalBlock,BlueMetalBlock,BluePipesBlock,BlueMetalBlock,BluePipesBlock,BlueMetalBlock,BlueMetalBlock,BluePipesBlock,BlueMetalBlock,BlueMetalBlock,StockBlockStone,StockBlockStone,,,,,,,,,StockBlockStone,,,,StockBlockStone,StockBlockStone,,,,,,,,,,,,,,,,
,,,,,,,,,,,,,,,,,,,,,,,,,,,,,,,,,,,,,,,,,,,,,,,,,,,,,,,,,,,,,,,,,,,,,,,,,,,,,,,,,,,,,,,,,,,,,,,,,,,,,,,,,,,,,,,,,,,,,,,,,,,,,,,,BushBlockSilver,StockBlockStone,StockBlockStone,StockBlockStone,,,,Zeela,,,BushBlockSilver,StockBlockStone,StockBlockStone,StockBlockStone,StockBlockStone,StockBlockStone,BlueBrickBlock,BlueBrickBlock,BlueBrickBlock,BlueBrickBlock,BlueMetalBlock,BlueMetalBlock,BluePipesBlock,BluePipesBlock,BlueMetalBlock,BlueMetalBlock,BluePipesBlock,BluePipesBlock,BlueMetalBlock,BlueMetalBlock,BluePipesBlock,BluePipesBlock,BlueMetalBlock,BlueMetalBlock,BluePipesBlock,BluePipesBlock,BlueMetalBlock,BlueMetalBlock,BluePipesBlock,BluePipesBlock,BlueMetalBlock,BlueMetalBlock,BluePipesBlock,BluePipesBlock,BlueBrickBlock,BlueBrickBlock,BlueBrickBlock,BlueBrickBlock,VerticalTubeStoneBlock,StockBlockStone,,,,,,,,,,,,,VerticalTubeStoneBlock,StockBlockStone,,,,,,,,,,,,,,,,
,,,,,,,,,,,,,,,,,,,,,,,,,,,,,,,,,,,,,,,,,,,,,,,,,,,,,,,,,,,,,,,,,,,,,,,,,,,,,,,,,,,,,,,,,,,,,,,,,,,,,,,,,,,,,,,,,,,,,,,,,,,,,,,,BushBlockSilver,StockBlockStone,BushBlockSilver,BushBlockSilver,,,,StockBlockStone,TubeBlockBlue,StockBlockStone,BushBlockSilver,StockBlockStone,BushBlockSilver,BushBlockSilver,BushBlockSilver,VerticalTubeStoneBlock,BlueBrickBlock,BlueBrickBlock,BlueBrickBlock,BlueBrickBlock,BlueBrickBlock,BlueBrickBlock,BlueBrickBlock,BlueBrickBlock,BlueBrickBlock,BlueBrickBlock,BlueBrickBlock,BlueBrickBlock,,,,,BlueBrickBlock,BlueBrickBlock,BlueBrickBlock,BlueBrickBlock,,,,,,,,,BlueBrickBlock,BlueBrickBlock,BlueBrickBlock,BlueBrickBlock,VerticalTubeStoneBlock,StockBlockStone,,,,StockBlockStone,,,,,,,,,VerticalTubeStoneBlock,StockBlockStone,,,,,,,,,,,,,,,,
,,,,,,,,,,,,,,,,,,,,,,,,,,,,,,,,,,,,,,,,,,,,,,,,,,,,,,,,,,,,,,,,,,,,,,,,,,,,,,,,,,,,,,,,,,,,,,,,,,,,,,,,,,,,,,,,,,,,,,,,,,,,,,,,StockBlockStone,BushBlockSilver,StockBlockStone,StockBlockStone,,,,,,,StockBlockStone,BushBlockSilver,StockBlockStone,StockBlockStone,StockBlockStone,StockBlockStone,BlueBrickBlock,BlueBrickBlock,BlueBrickBlock,BlueBrickBlock,BlueBrickBlock,BlueBrickBlock,StoneBlockWithEyes,BlueBrickBlock,BlueBrickBlock,BlueBrickBlock,BlueBrickBlock,StoneBlockWithEyes,,,,,BlueBrickBlock,BlueBrickBlock,BlueBrickBlock,BlueBrickBlock,,,,,,,,,BlueBrickBlock,BlueBrickBlock,BlueBrickBlock,BlueBrickBlock,StockBlockStone,StockBlockStone,,,,,,,,Zeela,,,,,StockBlockStone,StockBlockStone,,,,,,,,,,,,,,,,
,,,,,,,,,,,,,,,,,,,,,,,,,,,,,,,,,,,,,,,,,,,,,,,,,,,,,,,,,,,,,,,,,,,,,,,,,,,,,,,,,,,,,,,,,,,,,,,,,,,,,,,,,,,,,,,,,,,,,,,,,,,,,,,,VerticalTubeStoneBlock,StockBlockStone,,,,,,,,,,,,,VerticalTubeStoneBlock,BushBlockSilver,BlueBrickBlock,BlueBrickBlock,BlueBrickBlock,BlueBrickBlock,,,VerticalTubeStoneBlock,,,,,VerticalTubeStoneBlock,,,,,BlueBrickBlock,BlueBrickBlock,BlueBrickBlock,BlueBrickBlock,,,,,,,,,BlueBrickBlock,BlueBrickBlock,BlueBrickBlock,BlueBrickBlock,BushBlockSilver,VerticalTubeStoneBlock,,,,,,,,StockBlockStone,,,,,BushBlockSilver,VerticalTubeStoneBlock,,,,,,,,,,,,,,,,
,,,,,,,,,,,,,,,,,,,,,,,,,,,,,,,,,,,,,,,,,,,,,,,,,,,,,,,,,,,,,,,,,,,,,,,,,,,,,,,,,,,,,,,,,,,,,,,,,,,,,,,,,,,,,,,,,,,,,,,,,,,,,,,,StockBlockStone,StockBlockStone,,,,,,,,,,,,,BlueDoorTopLeft,OrangeDoorBlock,OrangeDoorBlock,BlueDoorTopRight,,,,,VerticalTubeStoneBlock,,,,,VerticalTubeStoneBlock,,,,,BlueBrickBlock,BlueBrickBlock,BlueBrickBlock,BlueBrickBlock,,,,,,,,,,,BlueDoorTopLeft,OrangeDoorBlock,OrangeDoorBlock,BlueDoorTopRight,,,,,,,,,,,,,StockBlockStone,StockBlockStone,,,,,,,,,,,,,,,,
,,,,,,,,,,,,,,,,,,,,,,,,,,,,,,,,,,,,,,,,,,,,,,,,,,,,,,,,,,,,,,,,,,,,,,,,,,,,,,,,,,,,,,,,,,,,,,,,,,,,,,,,,,,,,,,,,,,,,,,,,,,,,,,,BushBlockSilver,VerticalTubeStoneBlock,StockBlockStone,StockBlockStone,BushBlockSilver,StockBlockStone,,,,,,,,,BlueDoorMiddleLeft,OrangeDoorBlock,OrangeDoorBlock,BlueDoorMiddleRight,,,,,VerticalTubeStoneBlock,,,,,VerticalTubeStoneBlock,,,,,BlueBrickBlock,BlueBrickBlock,BlueBrickBlock,BlueBrickBlock,,,,,,,,,,,BlueDoorMiddleLeft,OrangeDoorBlock,OrangeDoorBlock,BlueDoorMiddleRight,,,,,,,,,,,,,VerticalTubeStoneBlock,BushBlockSilver,,,,,,,,,,,,,,,,
,,,,,,,,,,,,,,,,,,,,,,,,,,,,,,,,,,,,,,,,,,,,,,,,,,,,,,,,,,,,,,,,,,,,,,,,,,,,,,,,,,,,,,,,,,,,,,,,,,,,,,,,,,,,,,,,,,,,,,,,,,,,,,,,StockBlockStone,StockBlockStone,BushBlockSilver,StockBlockStone,StockBlockStone,StockBlockStone,,,,,,,,,BlueDoorBottomLeft,OrangeDoorBlock,OrangeDoorBlock,BlueDoorBottomRight,,,,,StoneBlockWithEyes,,,,,StoneBlockWithEyes,,,,,,,,,,,,,,,,,,,BlueDoorBottomLeft,OrangeDoorBlock,OrangeDoorBlock,BlueDoorBottomRight,,,,,,,,,,,,,VerticalTubeStoneBlock,StockBlockStone,,,,,,,,,,,,,,,,
,,,,,,,,,,,,,,,,,,,,,,,,,,,,,,,,,,,,,,,,,,,,,,,,,,,,,,,,,,,,,,,,,,,,,,,,,,,,,,,,,,,,,,,,,,,,,,,,,,,,,,,,,,,,,,,,,,,,,,,,,,,,,,,,VerticalTubeStoneBlock,BushBlockSilver,BushBlockSilver,StockBlockStone,BushBlockSilver,BushBlockSilver,,,,,,StockBlockStone,TubeBlockBlue,StockBlockStone,,StockBlockStone,BlueBrickBlock,BlueBrickBlock,BlueBrickBlock,BlueBrickBlock,,,,,,,,,,,,,,,,,,,,,,,,,BlueBrickBlock,BlueBrickBlock,BlueBrickBlock,BlueBrickBlock,StockBlockStone,StockBlockStone,StockBlockStone,,,,StockBlockStone,,,,,,,,StockBlockStone,StockBlockStone,,,,,,,,,,,,,,,,
,,,,,,,,,,,,,,,,,,,,,,,,,,,,,,,,,,,,,,,,,,,,,,,,,,,,,,,,,,,,,,,,,,,,,,,,,,,,,,,,,,,,,,,,,,,,,,,,,,,,,,,,,,,,,,,,,,,,,,,,,,,,,,,,VerticalTubeStoneBlock,StockBlockStone,StockBlockStone,BushBlockSilver,StockBlockStone,StockBlockStone,,,,,,,,,StockBlockStone,StockBlockStone,BlueBrickBlock,BlueBrickBlock,BlueBrickBlock,BlueBrickBlock,,,,,,,,,,,,,,,,,,,,,,,,,BlueBrickBlock,BlueBrickBlock,BlueBrickBlock,BlueBrickBlock,VerticalTubeStoneBlock,StockBlockStone,,,,,,,,,,,StockBlockStone,,VerticalTubeStoneBlock,StockBlockStone,,,,,,,,,,,,,,,,
,,,,,,,,,,,,,,,,,,,,,,,,,,,,,,,,,,,,,,,,,,,,,,,,,,,,,,,,,,,,,,,,,,,,,,,,,,,,,,,,,,,,,,,,,,,,,,,,,,,,,,,,,,,,,,,,,,,,,,,,,,,,,,,,StockBlockStone,StockBlockStone,,,,,,,Zeela,,,,,,BushBlockSilver,VerticalTubeStoneBlock,BlueBrickBlock,BlueBrickBlock,BlueBrickBlock,BlueBrickBlock,,,,,,,,,,,StoneBlockWithEyes,,,,,,,,,,,,,,BlueBrickBlock,BlueBrickBlock,BlueBrickBlock,BlueBrickBlock,VerticalTubeStoneBlock,StockBlockStone,,,,,,,,,,,,,VerticalTubeStoneBlock,StockBlockStone,,,,,,,,,,,,,,,,
,,,,,,,,,,,,,,,,,,,,,,,,,,,,,,,,,,,,,,,,,,,,,,,,,,,,,,,,,,,,,,,,,,,,,,,,,,,,,,,,,,,,,,,,,,,,,,,,,,,,,,,,,,,,,,,,,,,,,,,,,,,,,,,,VerticalTubeStoneBlock,StockBlockStone,StockBlockStone,StockBlockStone,BushBlockSilver,StockBlockStone,StockBlockStone,StockBlockStone,StockBlockStone,StockBlockStone,,,,,StockBlockStone,StockBlockStone,BlueBrickBlock,BlueBrickBlock,BlueBrickBlock,BlueBrickBlock,,,,,,,,,,,VerticalTubeStoneBlock,,,,,,,,,,,,,,BlueBrickBlock,BlueBrickBlock,BlueBrickBlock,BlueBrickBlock,StockBlockStone,StockBlockStone,,,,,,,,,,,,,StockBlockStone,StockBlockStone,,,,,,,,,,,,,,,,
,,,,,,,,,,,,,,,,,,,,,,,,,,,,,,,,,,,,,,,,,,,,,,,,,,,,,,,,,,,,,,,,,,,,,,,,,,,,,,,,,,,,,,,,,,,,,,,,,,,,,,,,,,,,,,,,,,,,,,,,,,,,,,,,StockBlockStone,StockBlockStone,BushBlockSilver,StockBlockStone,StockBlockStone,StockBlockStone,,,,,,,,,VerticalTubeStoneBlock,StockBlockStone,BlueBrickBlock,BlueBrickBlock,BlueBrickBlock,BlueBrickBlock,,,,,,,,,,,VerticalTubeStoneBlock,,,,,,,,,,,,,,BlueBrickBlock,BlueBrickBlock,BlueBrickBlock,BlueBrickBlock,BushBlockSilver,VerticalTubeStoneBlock,,,Zeela,,,,StockBlockStone,,,,,,BushBlockSilver,VerticalTubeStoneBlock,,,,,,,,,,,,,,,,
,,,,,,,,,,,,,,,,,,,,,,,,,,,,,,,,,,,,,,,,,,,,,,,,,,,,,,,,,,,,,,,,,,,,,,,,,,,,,,,,,,,,,,,,,,,,,,,,,,,,,,,,,,,,,,,,,,,,,,,,,,,,,,,,BushBlockSilver,VerticalTubeStoneBlock,BushBlockSilver,StockBlockStone,BushBlockSilver,BushBlockSilver,,,,,,,,,StockBlockStone,StockBlockStone,BlueBrickBlock,BlueBrickBlock,BlueBrickBlock,BlueBrickBlock,BlueBrickBlock,BlueBrickBlock,BlueBrickBlock,BlueBrickBlock,LavaBlockTop,BlueBrickBlock,BlueBrickBlock,RedPipeLeft,RedPipeRight,BlueBrickBlock,BlueBrickBlock,LavaBlockTop,BlueBrickBlock,BlueBrickBlock,BlueBrickBlock,LavaBlockTop,BlueBrickBlock,RedPipeLeft,RedPipeRight,BlueBrickBlock,BlueBrickBlock,BlueBrickBlock,BlueBrickBlock,BlueBrickBlock,BlueBrickBlock,BlueBrickBlock,BlueBrickBlock,BlueBrickBlock,StockBlockStone,StockBlockStone,,,StockBlockStone,,,,,,,,,,StockBlockStone,StockBlockStone,,,,,,,,,,,,,,,,
,,,,,,,,,,,,,,,,,,,,,,,,,,,,,,,,,,,,,,,,,,,,,,,,,,,,,,,,,,,,,,,,,,,,,,,,,,,,,,,,,,,,,,,,,,,,,,,,,,,,,,,,,,,,,,,,,,,,,,,,,,,,,,,,StockBlockStone,StockBlockStone,StockBlockStone,BushBlockSilver,StockBlockStone,StockBlockStone,,,,,,,,,BushBlockSilver,VerticalTubeStoneBlock,BlueBrickBlock,BlueBrickBlock,BlueBrickBlock,BlueBrickBlock,BlueBrickBlock,BlueBrickBlock,BlueBrickBlock,BlueBrickBlock,LavaBlock,BlueBrickBlock,BlueBrickBlock,BlueBrickBlock,BlueBrickBlock,BlueBrickBlock,BlueBrickBlock,LavaBlock,BlueBrickBlock,BlueBrickBlock,BlueBrickBlock,LavaBlock,BlueBrickBlock,BlueBrickBlock,BlueBrickBlock,BlueBrickBlock,BlueBrickBlock,BlueBrickBlock,BlueBrickBlock,BlueBrickBlock,BlueBrickBlock,BlueBrickBlock,BlueBrickBlock,BlueBrickBlock,VerticalTubeStoneBlock,BushBlockSilver,,,,,,,,,,,,,VerticalTubeStoneBlock,BushBlockSilver,,,,,,,,,,,,,,,,
StockBlockStone,StockBlockStone,BushBlockSilver,StockBlockStone,StockBlockStone,StockBlockStone,BushBlockSilver,StockBlockStone,StockBlockStone,StockBlockStone,BushBlockSilver,StockBlockStone,StockBlockStone,StockBlockStone,BushBlockSilver,StockBlockStone,,,,,,,,,,,,,,,,,,,,,,,,,,,,,,,,,,,,,,,,,,,,,,,,,,,,,,,,,,,,,,,,,,,,,,,,,,,,,,,,,,,,,,,,,,,,,,,,,StockBlockStone,StockBlockStone,BushBlockSilver,StockBlockStone,StockBlockStone,StockBlockStone,BushBlockSilver,StockBlockStone,StockBlockStone,StockBlockStone,BushBlockSilver,StockBlockStone,StockBlockStone,StockBlockStone,BushBlockSilver,StockBlockStone,StockBlockStone,StockBlockStone,BushBlockSilver,StockBlockStone,StockBlockStone,StockBlockStone,BushBlockSilver,StockBlockStone,StockBlockStone,StockBlockStone,BushBlockSilver,StockBlockStone,StockBlockStone,StockBlockStone,BushBlockSilver,StockBlockStone,,,,,,,,,,,,Geega,,,,,,,,,,,,,,,,,,,,,VerticalTubeStoneBlock,StockBlockStone,,,,,,,,,StockBlockStone,StockBlockStone,StockBlockStone,StockBlockStone,VerticalTubeStoneBlock,StockBlockStone,,,,,,,,,,,,,,,,
BushBlockSilver,StockBlockStone,StockBlockStone,StockBlockStone,BushBlockSilver,StockBlockStone,StockBlockStone,StockBlockStone,BushBlockSilver,StockBlockStone,StockBlockStone,StockBlockStone,BushBlockSilver,StockBlockStone,StockBlockStone,StockBlockStone,,,,,,,,,,,,,,,,,,,,,,,,,,,,,,,,,,,,,,,,,,,,,,,,,,,,,,,,,,,,,,,,,,,,,,,,,,,,,,,,,,,,,,,,,,,,,,,,,BushBlockSilver,StockBlockStone,StockBlockStone,StockBlockStone,BushBlockSilver,StockBlockStone,StockBlockStone,StockBlockStone,BushBlockSilver,StockBlockStone,StockBlockStone,StockBlockStone,BushBlockSilver,StockBlockStone,StockBlockStone,StockBlockStone,BushBlockSilver,StockBlockStone,StockBlockStone,StockBlockStone,BushBlockSilver,StockBlockStone,StockBlockStone,StockBlockStone,BushBlockSilver,StockBlockStone,StockBlockStone,StockBlockStone,BushBlockSilver,StockBlockStone,StockBlockStone,StockBlockStone,,,,,,,,,,,,,,,,,,,,,,,,,,,,,,,,,StockBlockStone,StockBlockStone,,,,,,,,,,,,StockBlockStone,StockBlockStone,StockBlockStone,,,,,,,,,,,,,,,,
BushBlockSilver,StockBlockStone,BushBlockSilver,BushBlockSilver,BushBlockSilver,StockBlockStone,BushBlockSilver,BushBlockSilver,BushBlockSilver,StockBlockStone,BushBlockSilver,BushBlockSilver,BushBlockSilver,StockBlockStone,BushBlockSilver,BushBlockSilver,,,,,,,,,,,,,,,,,,,,,,,,,,,,,,,,,,,,,,,,,,,,,,,,,,,,,,,,,,,,,,,,,,,,,,,,,,,,,,,,,,,,,,,,,,,,,,,,,BushBlockSilver,StockBlockStone,BushBlockSilver,BushBlockSilver,BushBlockSilver,StockBlockStone,BushBlockSilver,BushBlockSilver,BushBlockSilver,StockBlockStone,BushBlockSilver,BushBlockSilver,BushBlockSilver,StockBlockStone,BushBlockSilver,BushBlockSilver,BushBlockSilver,StockBlockStone,BushBlockSilver,BushBlockSilver,BushBlockSilver,StockBlockStone,BushBlockSilver,BushBlockSilver,BushBlockSilver,StockBlockStone,BushBlockSilver,BushBlockSilver,BushBlockSilver,StockBlockStone,BushBlockSilver,BushBlockSilver,,,,,,,,,,,,,,,,,,,,,,,,,,,,,,,,,VerticalTubeStoneBlock,StockBlockStone,,,,,,,,,,,,StockBlockStone,VerticalTubeStoneBlock,StockBlockStone,,,,,,,,,,,,,,,,
StockBlockStone,BushBlockSilver,StockBlockStone,StockBlockStone,StockBlockStone,BushBlockSilver,StockBlockStone,StockBlockStone,StockBlockStone,BushBlockSilver,StockBlockStone,StockBlockStone,StockBlockStone,BushBlockSilver,StockBlockStone,StockBlockStone,,,,,,,,,,,,,,,,,,,,,,,,,,,,,,,,,,,,,,,,,,,,,,,,,,,,,,,,,,,,,,,,,,,,,,,,,,,,,,,,,,,,,,,,,,,,,,,,,StockBlockStone,BushBlockSilver,StockBlockStone,StockBlockStone,StockBlockStone,BushBlockSilver,StockBlockStone,StockBlockStone,StockBlockStone,BushBlockSilver,StockBlockStone,StockBlockStone,StockBlockStone,BushBlockSilver,StockBlockStone,StockBlockStone,StockBlockStone,BushBlockSilver,StockBlockStone,StockBlockStone,StockBlockStone,BushBlockSilver,StockBlockStone,StockBlockStone,StockBlockStone,BushBlockSilver,StockBlockStone,StockBlockStone,StockBlockStone,BushBlockSilver,StockBlockStone,StockBlockStone,,,,,,,,,,,,,,,,,,,,,,,,,,,,,,,,,VerticalTubeStoneBlock,StockBlockStone,,,,,,,,,,,,,VerticalTubeStoneBlock,StockBlockStone,,,,,,,,,,,,,,,,
StockBlockStone,StockBlockStone,BushBlockSilver,StockBlockStone,StockBlockStone,StockBlockStone,BushBlockSilver,StockBlockStone,StockBlockStone,StockBlockStone,BushBlockSilver,StockBlockStone,StockBlockStone,StockBlockStone,BushBlockSilver,StockBlockStone,,,,,,,,,,,,,,,,,,,,,,,,,,,,,,,,,,,,,,,,,,,,,,,,,,,,,,,,,,,,,,,,,,,,,,,,,,,,,,,,,,,,,,,,,,,,,,,,,,,,,,,,,,,,,,,,,StockBlockStone,StockBlockStone,BushBlockSilver,StockBlockStone,StockBlockStone,StockBlockStone,BushBlockSilver,StockBlockStone,StockBlockStone,StockBlockStone,BushBlockSilver,StockBlockStone,StockBlockStone,StockBlockStone,BushBlockSilver,StockBlockStone,,,,,,,,,,,,,,,,,,,,,,,,,,,,,,,,,StockBlockStone,StockBlockStone,,,,,,,,,,,,,StockBlockStone,StockBlockStone,,,,,,,,,,,,,,,,
BushBlockSilver,StockBlockStone,StockBlockStone,StockBlockStone,BushBlockSilver,StockBlockStone,StockBlockStone,StockBlockStone,BushBlockSilver,StockBlockStone,StockBlockStone,StockBlockStone,BushBlockSilver,StockBlockStone,StockBlockStone,StockBlockStone,,,,,,,,,,,,,,,,,,,,,,,,,,,,,,,,,,,,,,,,,,,,,,,,,,,,,,,,,,,,,,,,,,,,,,,,,,,,,,,,,,,,,,,,,,,,,,,,,,,,,,,,,,,,,,,,,BushBlockSilver,StockBlockStone,StockBlockStone,StockBlockStone,BushBlockSilver,StockBlockStone,StockBlockStone,StockBlockStone,BushBlockSilver,StockBlockStone,StockBlockStone,StockBlockStone,BushBlockSilver,StockBlockStone,StockBlockStone,StockBlockStone,,,,,,,,,,,,,,,,,,,,,,,,,,,,,,,,,BushBlockSilver,VerticalTubeStoneBlock,,,,,,,,,,,,,BushBlockSilver,VerticalTubeStoneBlock,,,,,,,,,,,,,,,,
BushBlockSilver,StockBlockStone,BushBlockSilver,BushBlockSilver,BushBlockSilver,StockBlockStone,BushBlockSilver,BushBlockSilver,BushBlockSilver,StockBlockStone,BushBlockSilver,BushBlockSilver,BushBlockSilver,StockBlockStone,BushBlockSilver,BushBlockSilver,,,,,,,,,,,,,,,,,,,,,,,,,,,,,,,,,,,,,,,,,,,,,,,,,,,,,,,,,,,,,,,,,,,,,,,,,,,,,,,,,,,,,,,,,,,,,,,,,,,,,,,,,,,,,,,,,BushBlockSilver,StockBlockStone,BushBlockSilver,BushBlockSilver,BushBlockSilver,StockBlockStone,BushBlockSilver,BushBlockSilver,BushBlockSilver,StockBlockStone,BushBlockSilver,BushBlockSilver,BushBlockSilver,StockBlockStone,BushBlockSilver,BushBlockSilver,,,,,,,,,,,,,,,,,,,,,,,,,,,,,,,,,StockBlockStone,StockBlockStone,,,,,,,,,,,,,StockBlockStone,StockBlockStone,,,,,,,,,,,,,,,,
StockBlockStone,BushBlockSilver,StockBlockStone,StockBlockStone,StockBlockStone,BushBlockSilver,StockBlockStone,StockBlockStone,StockBlockStone,BushBlockSilver,StockBlockStone,StockBlockStone,StockBlockStone,BushBlockSilver,StockBlockStone,StockBlockStone,,,,,,,,,,,,,,,,,,,,,,,,,,,,,,,,,,,,,,,,,,,,,,,,,,,,,,,,,,,,,,,,,,,,,,,,,,,,,,,,,,,,,,,,,,,,,,,,,,,,,,,,,,,,,,,,,StockBlockStone,BushBlockSilver,StockBlockStone,StockBlockStone,StockBlockStone,BushBlockSilver,StockBlockStone,StockBlockStone,StockBlockStone,BushBlockSilver,StockBlockStone,StockBlockStone,StockBlockStone,BushBlockSilver,StockBlockStone,StockBlockStone,,,,,,,,,,,,,,,,,,,,,,,,,,,,,,,,,VerticalTubeStoneBlock,BushBlockSilver,,,,,,,,,,,,,VerticalTubeStoneBlock,BushBlockSilver,,,,,,,,,,,,,,,,
StockBlockStone,StockBlockStone,BushBlockSilver,StockBlockStone,StockBlockStone,StockBlockStone,BushBlockSilver,StockBlockStone,StockBlockStone,StockBlockStone,BushBlockSilver,StockBlockStone,StockBlockStone,StockBlockStone,BushBlockSilver,StockBlockStone,,,,,,,,,,,,,,,,,,,,,,,,,,,,,,,,,,,,,,,,,,,,,,,,,,,,,,,,,,,,,,,,,,,,,,,,,,,,,,,,,,,,,,,,,,,,,,,,,,,,,,,,,,,,,,,,,StockBlockStone,StockBlockStone,BushBlockSilver,StockBlockStone,StockBlockStone,StockBlockStone,BushBlockSilver,StockBlockStone,StockBlockStone,StockBlockStone,BushBlockSilver,StockBlockStone,StockBlockStone,StockBlockStone,BushBlockSilver,StockBlockStone,,,,,,,,,,,,,,,,,,,,,,,,,,,,,,,,,VerticalTubeStoneBlock,StockBlockStone,,,,,,,,,,,,,VerticalTubeStoneBlock,StockBlockStone,,,,,,,,,,,,,,,,
BushBlockSilver,StockBlockStone,StockBlockStone,StockBlockStone,BushBlockSilver,StockBlockStone,StockBlockStone,StockBlockStone,BushBlockSilver,StockBlockStone,StockBlockStone,StockBlockStone,BushBlockSilver,StockBlockStone,StockBlockStone,StockBlockStone,,,,,,,,,,,,,,,,,,,,,,,,,,,,,,,,,,,,,,,,,,,,,,,,,,,,,,,,,,,,,,,,,,,,,,,,,,,,,,,,,,,,,,,,,,,,,,,,,,,,,,,,,,,,,,,,,BushBlockSilver,StockBlockStone,StockBlockStone,StockBlockStone,BushBlockSilver,StockBlockStone,StockBlockStone,StockBlockStone,BushBlockSilver,StockBlockStone,StockBlockStone,StockBlockStone,BushBlockSilver,StockBlockStone,StockBlockStone,StockBlockStone,,,,,,,,,,,,,,,,,,,,,,,,,,,,,,,,,StockBlockStone,StockBlockStone,,,,,,,,,,,,,StockBlockStone,StockBlockStone,,,,,,,,,,,,,,,,
BushBlockSilver,StockBlockStone,BushBlockSilver,BushBlockSilver,BushBlockSilver,StockBlockStone,BushBlockSilver,BushBlockSilver,BushBlockSilver,StockBlockStone,BushBlockSilver,BushBlockSilver,BushBlockSilver,StockBlockStone,BushBlockSilver,BushBlockSilver,,,,,,,,,,,,,,,,,,,,,,,,,,,,,,,,,,,,,,,,,,,,,,,,,,,,,,,,,,,,,,,,,,,,,,,,,,,,,,,,,,,,,,,,,,,,,,,,,,,,,,,,,,,,,,,,,BushBlockSilver,StockBlockStone,BushBlockSilver,BushBlockSilver,BushBlockSilver,StockBlockStone,BushBlockSilver,BushBlockSilver,BushBlockSilver,StockBlockStone,BushBlockSilver,BushBlockSilver,BushBlockSilver,StockBlockStone,BushBlockSilver,BushBlockSilver,,,,,,,,,,,,,,,,,,,,,,,,,,,,,,,,,VerticalTubeStoneBlock,StockBlockStone,,,,,,,,,,,,,VerticalTubeStoneBlock,StockBlockStone,,,,,,,,,,,,,,,,
StockBlockStone,BushBlockSilver,StockBlockStone,StockBlockStone,StockBlockStone,BushBlockSilver,StockBlockStone,StockBlockStone,StockBlockStone,BushBlockSilver,StockBlockStone,StockBlockStone,StockBlockStone,BushBlockSilver,StockBlockStone,StockBlockStone,,,,,,,,,,,,,,,,,,,,,,,,,,,,,,,,,,,,,,,,,,,,,,,,,,,,,,,,,,,,,,,,,,,,,,,,,,,,,,,,,,,,,,,,,,,,,,,,,,,,,,,,,,,,,,,,,StockBlockStone,BushBlockSilver,StockBlockStone,StockBlockStone,StockBlockStone,BushBlockSilver,StockBlockStone,StockBlockStone,StockBlockStone,BushBlockSilver,StockBlockStone,StockBlockStone,StockBlockStone,BushBlockSilver,StockBlockStone,StockBlockStone,,,,,,,,,,,,,,,,,,,,,,,,,,,,,,,,,VerticalTubeStoneBlock,StockBlockStone,,,,,,,,,,,,,VerticalTubeStoneBlock,StockBlockStone,,,,,,,,,,,,,,,,
StockBlockStone,StockBlockStone,BushBlockSilver,StockBlockStone,StockBlockStone,StockBlockStone,BushBlockSilver,StockBlockStone,StockBlockStone,StockBlockStone,BushBlockSilver,StockBlockStone,StockBlockStone,StockBlockStone,BushBlockSilver,StockBlockStone,,,,,,,,,,,,,,,,,,,,,,,,,,,,,,,,,,,,,,,,,,,,,,,,,,,,,,,,,,,,,,,,,,,,,,,,,,,,,,,,,,,,,,,,,,,,,,,,,,,,,,,,,,,,,,,,,StockBlockStone,StockBlockStone,BushBlockSilver,StockBlockStone,StockBlockStone,StockBlockStone,BushBlockSilver,StockBlockStone,StockBlockStone,StockBlockStone,BushBlockSilver,StockBlockStone,StockBlockStone,StockBlockStone,BushBlockSilver,StockBlockStone,,,,,,,,,,,,,,,,,,,,,,,,,,,,,,,,,StockBlockStone,StockBlockStone,,,,,,,,,,,,,StockBlockStone,StockBlockStone,,,,,,,,,,,,,,,,
BushBlockSilver,StockBlockStone,StockBlockStone,StockBlockStone,BushBlockSilver,StockBlockStone,StockBlockStone,StockBlockStone,BushBlockSilver,StockBlockStone,StockBlockStone,StockBlockStone,BushBlockSilver,StockBlockStone,StockBlockStone,StockBlockStone,,,,,,,,,,,,,,,,,,,,,,,,,,,,,,,,,,,,,,,,,,,,,,,,,,,,,,,,,,,,,,,,,,,,,,,,,,,,,,,,,,,,,,,,,,,,,,,,,,,,,,,,,,,,,,,,,BushBlockSilver,StockBlockStone,StockBlockStone,StockBlockStone,BushBlockSilver,StockBlockStone,StockBlockStone,StockBlockStone,BushBlockSilver,StockBlockStone,StockBlockStone,StockBlockStone,BushBlockSilver,StockBlockStone,StockBlockStone,StockBlockStone,,,,,,,,,,,,,,,,,,,,,,,,,,,,,,,,,BushBlockSilver,VerticalTubeStoneBlock,,,,,,,,,,,,,BushBlockSilver,VerticalTubeStoneBlock,,,,,,,,,,,,,,,,
BushBlockSilver,StockBlockStone,BushBlockSilver,BushBlockSilver,BushBlockSilver,StockBlockStone,BushBlockSilver,BushBlockSilver,BushBlockSilver,StockBlockStone,BushBlockSilver,BushBlockSilver,BushBlockSilver,StockBlockStone,BushBlockSilver,BushBlockSilver,,,,,,,,,,,,,,,,,,,,,,,,,,,,,,,,,,,,,,,,,,,,,,,,,,,,,,,,,,,,,,,,,,,,,,,,,,,,,,,,,,,,,,,,,,,,,,,,,,,,,,,,,,,,,,,,,BushBlockSilver,StockBlockStone,BushBlockSilver,BushBlockSilver,BushBlockSilver,StockBlockStone,BushBlockSilver,BushBlockSilver,BushBlockSilver,StockBlockStone,BushBlockSilver,BushBlockSilver,BushBlockSilver,StockBlockStone,BushBlockSilver,BushBlockSilver,,,,,,,,,,,,,,,,,,,,,,,,,,,,,,,,,StockBlockStone,StockBlockStone,,,,,,,,,,,,,StockBlockStone,StockBlockStone,,,,,,,,,,,,,,,,
StockBlockStone,BushBlockSilver,StockBlockStone,StockBlockStone,StockBlockStone,BushBlockSilver,StockBlockStone,StockBlockStone,StockBlockStone,BushBlockSilver,StockBlockStone,StockBlockStone,StockBlockStone,BushBlockSilver,StockBlockStone,StockBlockStone,,,,,,,,,,,,,,,,,,,,,,,,,,,,,,,,,,,,,,,,,,,,,,,,,,,,,,,,,,,,,,,,,,,,,,,,,,,,,,,,,,,,,,,,,,,,,,,,,,,,,,,,,,,,,,,,,StockBlockStone,BushBlockSilver,StockBlockStone,StockBlockStone,StockBlockStone,BushBlockSilver,StockBlockStone,StockBlockStone,StockBlockStone,BushBlockSilver,StockBlockStone,StockBlockStone,StockBlockStone,BushBlockSilver,StockBlockStone,StockBlockStone,,,,,,,,,,,,,,,,,,,,,,,,,,,,,,,,,VerticalTubeStoneBlock,BushBlockSilver,,,,,,,,,,,,,VerticalTubeStoneBlock,BushBlockSilver,,,,,,,,,,,,,,,,
,,,,,,,,,,,,,,,,,,,,,,,,,,,,,,,,,,,,,,,,,,,,,,,,,,,,,,,,,,,,,,,,,,,,,,,,,,,,,,,,,,,,,,,,,,,,,,,,,,,,,,,,,,,,,,,,,,,,,,,,,,,,,,,,BlueCircleBlock,BlueCircleBlock,BlueCircleBlock,BlueCircleBlock,BlueCircleBlock,BlueCircleBlock,BlueCircleBlock,BlueCircleBlock,BlueCircleBlock,BlueCircleBlock,BlueCircleBlock,BlueCircleBlock,BlueCircleBlock,BlueCircleBlock,BlueCircleBlock,BlueCircleBlock,StoneBlockWithEyes,StoneBlockWithEyes,StoneBlockWithEyes,StoneBlockWithEyes,StoneBlockWithEyes,StoneBlockWithEyes,StoneBlockWithEyes,StoneBlockWithEyes,StoneBlockWithEyes,StoneBlockWithEyes,StoneBlockWithEyes,StoneBlockWithEyes,StoneBlockWithEyes,StoneBlockWithEyes,StoneBlockWithEyes,StoneBlockWithEyes,BluePipesBlock,BlueMetalBlock,BluePipesBlock,BlueMetalBlock,BlueMetalBlock,BluePipesBlock,BlueMetalBlock,BlueMetalBlock,BluePipesBlock,BlueMetalBlock,BluePipesBlock,BlueMetalBlock,BlueMetalBlock,BluePipesBlock,BlueMetalBlock,BlueMetalBlock,VerticalTubeStoneBlock,StockBlockStone,,,,,,,,,StockBlockStone,,,,VerticalTubeStoneBlock,StockBlockStone,,,,,,,,,,,,,,,,
,,,,,,,,,,,,,,,,,,,,,,,,,,,,,,,,,,,,,,,,,,,,,,,,,,,,,,,,,,,,,,,,,,,,,,,,,,,,,,,,,,,,,,,,,,,,,,,,,,,,,,,,,,,,,,,,,,,,,,,,,,,,,,,,BlueCircleBlock,BlueCircleBlock,BlueCircleBlock,BlueCircleBlock,BlueCircleBlock,BlueCircleBlock,BlueCircleBlock,BlueCircleBlock,BlueCircleBlock,BlueCircleBlock,BlueCircleBlock,BlueCircleBlock,BlueCircleBlock,BlueCircleBlock,BlueCircleBlock,BlueCircleBlock,StoneBlockWithEyes,StoneBlockWithEyes,StoneBlockWithEyes,StoneBlockWithEyes,StoneBlockWithEyes,StoneBlockWithEyes,StoneBlockWithEyes,StoneBlockWithEyes,StoneBlockWithEyes,StoneBlockWithEyes,StoneBlockWithEyes,StoneBlockWithEyes,StoneBlockWithEyes,StoneBlockWithEyes,StoneBlockWithEyes,StoneBlockWithEyes,BlueMetalBlock,BlueMetalBlock,BluePipesBlock,BluePipesBlock,BlueMetalBlock,BlueMetalBlock,BluePipesBlock,BluePipesBlock,BlueMetalBlock,BlueMetalBlock,BluePipesBlock,BluePipesBlock,BlueBrickBlock,BlueBrickBlock,BlueBrickBlock,BlueBrickBlock,StockBlockStone,StockBlockStone,,,,,,,,,,,,,StockBlockStone,StockBlockStone,,,,,,,,,,,,,,,,
,,,,,,,,,,,,,,,,,,,,,,,,,,,,,,,,,,,,,,,,,,,,,,,,,,,,,,,,,,,,,,,,,,,,,,,,,,,,,,,,,,,,,,,,,,,,,,,,,,,,,,,,,,,,,,,,,,,,,,,,,,,,,,,,BlueCircleBlock,BlueCircleBlock,__,__,__,ReverseSideHopper,__,__,__,__,__,__,__,__,__,__,__,__,__,__,__,__,__,__,__,,,,,,,,BlueBrickBlock,BlueBrickBlock,BlueBrickBlock,BlueBrickBlock,,,,,,,,,BlueBrickBlock,BlueBrickBlock,BlueBrickBlock,BlueBrickBlock,VerticalTubeStoneBlock,StockBlockStone,,,,StockBlockStone,,,,,,,,,VerticalTubeStoneBlock,StockBlockStone,,,,,,,,,,,,,,,,
,,,,,,,,,,,,,,,,,,,,,,,,,,,,,,,,,,,,,,,,,,,,,,,,,,,,,,,,,,,,,,,,,,,,,,,,,,,,,,,,,,,,,,,,,,,,,,,,,,,,,,,,,,,,,,,,,,,,,,,,,,,,,,,,BlueCircleBlock,BlueCircleBlock,__,__,__,__,__,__,__,__,__,__,__,__,__,__,__,__,__,__,__,__,__,__,__,,,,,,,,BlueBrickBlock,BlueBrickBlock,BlueBrickBlock,BlueBrickBlock,,,,,,,,,BlueBrickBlock,BlueBrickBlock,BlueBrickBlock,BlueBrickBlock,VerticalTubeStoneBlock,StockBlockStone,,,,,,,,Zeela,,,,,VerticalTubeStoneBlock,StockBlockStone,,,,,,,,,,,,,,,,
,,,,,,,,,,,,,,,,,,,,,,,,,,,,,,,,,,,,,,,,,,,,,,,,,,,,,,,,,,,,,,,,,,,,,,,,,,,,,,,,,,,,,,,,,,,,,,,,,,,,,,,,,,,,,,,,,,,,,,,,,,,,,,,,BlueCircleBlock,BlueCircleBlock,__,__,__,__,__,__,__,__,__,__,__,__,__,__,__,__,__,__,__,__,__,__,__,,,,,,,,BlueBrickBlock,BlueBrickBlock,BlueBrickBlock,BlueBrickBlock,,,,,,,,,BlueBrickBlock,BlueBrickBlock,BlueBrickBlock,BlueBrickBlock,StockBlockStone,StockBlockStone,,,,,,,,StockBlockStone,,,,,StockBlockStone,StockBlockStone,,,,,,,,,,,,,,,,
,,,,,,,,,,,,,,,,,,,,,,,,,,,,,,,,,,,,,,,,,,,,,,,,,,,,,,,,,,,,,,,,,,,,,,,,,,,,,,,,,,,,,,,,,,,,,,,,,,,,,,,,,,,,,,,,,,,,,,,,,,,,,,,,OrangeDoorBlock,RedDoorTopRightBlock,__,__,__,__,__,__,__,__,__,__,__,__,__,__,__,__,__,__,__,__,StoneBlockWithEyes,__,__,,,,,,,,BlueBrickBlock,BlueBrickBlock,BlueBrickBlock,BlueBrickBlock,,,,,,,,,,,BlueDoorTopLeft,OrangeDoorBlock,BushBlockSilver,VerticalTubeStoneBlock,,,,,,,,,,,,,BushBlockSilver,VerticalTubeStoneBlock,,,,,,,,,,,,,,,,
,,,,,,,,,,,,,,,,,,,,,,,,,,,,,,,,,,,,,,,,,,,,,,,,,,,,,,,,,,,,,,,,,,,,,,,,,,,,,,,,,,,,,,,,,,,,,,,,,,,,,,,,,,,,,,,,,,,,,,,,,,,,,,,,OrangeDoorBlock,RedDoorMiddleRightBlock,__,__,__,__,__,__,BlueFenceBlock,BlueFenceBlock,__,__,__,__,__,__,__,__,__,__,__,__,VerticalTubeStoneBlock,__,__,,,,,,,,BlueBrickBlock,BlueBrickBlock,BlueBrickBlock,BlueBrickBlock,,,,,,,,,,,BlueDoorMiddleLeft,OrangeDoorBlock,StockBlockStone,StockBlockStone,,,,,,,,,,,,,StockBlockStone,StockBlockStone,,,,,,,,,,,,,,,,
,,,,,,,,,,,,,,,,,,,,,,,,,,,,,,,,,,,,,,,,,,,,,,,,,,,,,,,,,,,,,,,,,,,,,,,,,,,,,,,,,,,,,,,,,,,,,,,,,,,,,,,,,,,,,,,,,,,,,,,,,,,,,,,,OrangeDoorBlock,RedDoorBottomRightBlock,__,__,__,__,__,__,__,__,__,__,__,__,__,__,,,,,StoneBlockWithEyes,,VerticalTubeStoneBlock,,StoneBlockWithEyes,,,,,,,,,,,,,,,,,,,,,,BlueDoorBottomLeft,OrangeDoorBlock,VerticalTubeStoneBlock,BushBlockSilver,,,,,,,,,,,,,VerticalTubeStoneBlock,BushBlockSilver,,,,,,,,,,,,,,,,
,,,,,,,,,,,,,,,,,,,,,,,,,,,,,,,,,,,,,,,,,,,,,,,,,,,,,,,,,,,,,,,,,,,,,,,,,,,,,,,,,,,,,,,,,,,,,,,,,,,,,,,,,,,,,,,,,,,,,,,,,,,,,,,,BlueCircleBlock,BlueCircleBlock,__,__,Zeela,__,__,__,__,__,__,__,__,__,__,__,,,,,VerticalTubeStoneBlock,,VerticalTubeStoneBlock,,VerticalTubeStoneBlock,,,,,,,,,,,,,,,,,,,,BlueBrickBlock,BlueBrickBlock,BlueBrickBlock,BlueBrickBlock,VerticalTubeStoneBlock,StockBlockStone,StockBlockStone,,,,StockBlockStone,,,,,,,,VerticalTubeStoneBlock,StockBlockStone,,,,,,,,,,,,,,,,
,,,,,,,,,,,,,,,,,,,,,,,,,,,,,,,,,,,,,,,,,,,,,,,,,,,,,,,,,,,,,,,,,,,,,,,,,,,,,,,,,,,,,,,,,,,,,,,,,,,,,,,,,,,,,,,,,,,,,,,,,,,,,,,,BlueCircleBlock,BlueCircleBlock,__,BlueFenceBlock,BlueFenceBlock,__,__,__,__,__,__,__,__,__,__,__,,,StoneBlockWithEyes,,VerticalTubeStoneBlock,,StoneBlockWithEyes,,VerticalTubeStoneBlock,,StoneBlockWithEyes,,,,,,,,,,,,,,,,,,BlueBrickBlock,BlueBrickBlock,BlueBrickBlock,BlueBrickBlock,StockBlockStone,StockBlockStone,,,,,,,,,,,StockBlockStone,,StockBlockStone,StockBlockStone,,,,,,,,,,,,,,,,
,,,,,,,,,,,,,,,,,,,,,,,,,,,,,,,,,,,,,,,,,,,,,,,,,,,,,,,,,,,,,,,,,,,,,,,,,,,,,,,,,,,,,,,,,,,,,,,,,,,,,,,,,,,,,,,,,,,,,,,,,,,,,,,,BlueCircleBlock,BlueCircleBlock,__,__,__,__,__,__,__,__,__,BlueFenceBlock,BlueFenceBlock,__,__,__,,,VerticalTubeStoneBlock,,VerticalTubeStoneBlock,,,,VerticalTubeStoneBlock,,VerticalTubeStoneBlock,,,,,,,,,,,,,,,,,,BlueBrickBlock,BlueBrickBlock,BlueBrickBlock,BlueBrickBlock,VerticalTubeStoneBlock,StockBlockStone,,,,,,,,,,,,,VerticalTubeStoneBlock,StockBlockStone,,,,,,,,,,,,,,,,
,,,,,,,,,,,,,,,,,,,,,,,,,,,,,,,,,,,,,,,,,,,,,,,,,,,,,,,,,,,,,,,,,,,,,,,,,,,,,,,,,,,,,,,,,,,,,,,,,,,,,,,,,,,,,,,,,,,,,,,,,,,,,,,,BlueCircleBlock,BlueCircleBlock,,__,__,__,__,__,__,__,__,__,__,__,BlueFenceBlock,__,StoneBlockWithEyes,,VerticalTubeStoneBlock,,StoneBlockWithEyes,,,,StoneBlockWithEyes,,VerticalTubeStoneBlock,,StoneBlockWithEyes,,,,,,,,,,,,,,,,BlueBrickBlock,BlueBrickBlock,BlueBrickBlock,BlueBrickBlock,VerticalTubeStoneBlock,StockBlockStone,,,,,,,,,,,,,VerticalTubeStoneBlock,StockBlockStone,,,,,,,,,,,,,,,,
,,,,,,,,,,,,,,,,,,,,,,,,,,,,,,,,,,,,,,,,,,,,,,,,,,,,,,,,,,,,,,,,,,,,,,,,,,,,,,,,,,,,,,,,,,,,,,,,,,,,,,,,,,,,,,,,,,,,,,,,,,,,,,,,BlueCircleBlock,BlueCircleBlock,,__,__,__,__,__,__,__,__,__,__,__,__,__,VerticalTubeStoneBlock,,VerticalTubeStoneBlock,,,,,,,,VerticalTubeStoneBlock,,VerticalTubeStoneBlock,,StoneBlockWithEyes,,,,,,,,,,,,,,BlueBrickBlock,BlueBrickBlock,BlueBrickBlock,BlueBrickBlock,StockBlockStone,StockBlockStone,,,Zeela,,,,StockBlockStone,,,,,,StockBlockStone,StockBlockStone,,,,,,,,,,,,,,,,
,,,,,,,,,,,,,,,,,,,,,,,,,,,,,,,,,,,,,,,,,,,,,,,,,,,,,,,,,,,,,,,,,,,,,,,,,,,,,,,,,,,,,,,,,,,,,,,,,,,,,,,,,,,,,,,,,,,,,,,,,,,,,,,,BlueCircleBlock,BlueCircleBlock,LavaBlockTop,LavaBlockTop,LavaBlockTop,LavaBlockTop,LavaBlockTop,LavaBlockTop,LavaBlockTop,LavaBlockTop,LavaBlockTop,LavaBlockTop,LavaBlockTop,LavaBlockTop,LavaBlockTop,LavaBlockTop,LavaBlockTop,LavaBlockTop,LavaBlockTop,LavaBlockTop,LavaBlockTop,LavaBlockTop,LavaBlockTop,LavaBlockTop,LavaBlockTop,LavaBlockTop,LavaBlockTop,LavaBlockTop,LavaBlockTop,LavaBlockTop,LavaBlockTop,LavaBlockTop,BlueBrickBlock,BlueBrickBlock,BlueBrickBlock,LavaBlockTop,BlueBrickBlock,RedPipeLeft,RedPipeRight,BlueBrickBlock,BlueBrickBlock,BlueBrickBlock,BlueBrickBlock,BlueBrickBlock,BlueBrickBlock,BlueBrickBlock,BlueBrickBlock,BlueBrickBlock,BushBlockSilver,VerticalTubeStoneBlock,,,StockBlockStone,,,,,,,,,,BushBlockSilver,VerticalTubeStoneBlock,,,,,,,,,,,,,,,,
,,,,,,,,,,,,,,,,,,,,,,,,,,,,,,,,,,,,,,,,,,,,,,,,,,,,,,,,,,,,,,,,,,,,,,,,,,,,,,,,,,,,,,,,,,,,,,,,,,,,,,,,,,,,,,,,,,,,,,,,,,,,,,,,BlueCircleBlock,BlueCircleBlock,LavaBlock,LavaBlock,LavaBlock,LavaBlock,LavaBlock,LavaBlock,LavaBlock,LavaBlock,LavaBlock,LavaBlock,LavaBlock,LavaBlock,LavaBlock,LavaBlock,LavaBlock,LavaBlock,LavaBlock,LavaBlock,LavaBlock,LavaBlock,LavaBlock,LavaBlock,LavaBlock,LavaBlock,LavaBlock,LavaBlock,LavaBlock,LavaBlock,LavaBlock,LavaBlock,BlueBrickBlock,BlueBrickBlock,BlueBrickBlock,LavaBlock,BlueBrickBlock,BlueBrickBlock,BlueBrickBlock,BlueBrickBlock,BlueBrickBlock,BlueBrickBlock,BlueBrickBlock,BlueBrickBlock,BlueBrickBlock,BlueBrickBlock,BlueBrickBlock,BlueBrickBlock,StockBlockStone,StockBlockStone,,,,,,,,,,,,,StockBlockStone,StockBlockStone,,,,,,,,,,,,,,,,
,,,,,,,,,,,,,,,,,,,,,,,,,,,,,,,,,,,,,,,,,,,,,,,,,,,,,,,,,,,,,,,,,,,,,,,,,,,,,,,,,,,,,,,,,,,,,,,,,,,,,,,,,,,,,,,,,,,,,,,,,,,,,,,,,,,,,,,,,,Geega,,,,,,,,,,,,,,,,,,,,,,,,,,,,,,,,,,,,,,VerticalTubeStoneBlock,BushBlockSilver,,,,,,,,,StockBlockStone,,,,VerticalTubeStoneBlock,BushBlockSilver,,,,,,,,,,,,,,,,
,,,,,,,,,,,,,,,,,,,,,,,,,,,,,,,,,,,,,,,,,,,,,,,,,,,,,,,,,,,,,,,,,,,,,,,,,,,,,,,,,,,,,,,,,,,,,,,,,,,,,,,,,,,,,,,,,,,,,,,,,,,,,,,,,,,,,,,,,,,,,,,,,,,,,,,,,,,,,,,,,,,,,,,,,,,,,,,,StockBlockStone,StockBlockStone,BushBlockSilver,StockBlockStone,StockBlockStone,StockBlockStone,BushBlockSilver,StockBlockStone,StockBlockStone,StockBlockStone,BushBlockSilver,StockBlockStone,StockBlockStone,StockBlockStone,BushBlockSilver,StockBlockStone,,,,,,,,,,,,,,,,
,,,,,,,,,,,,,,,,,,,,,,,,,,,,,,,,,,,,,,,,,,,,,,,,,,,,,,,,,,,,,,,,,,,,,,,,,,,,,,,,,,,,,,,,,,,,,,,,,,,,,,,,,,,,,,,,,,,,,,,,,,,,,,,,,,,,,,,,,,,,,,,,,,,,,,,,,,,,,,,,,,,,,,,,,,,,,,,,BushBlockSilver,StockBlockStone,StockBlockStone,StockBlockStone,BushBlockSilver,StockBlockStone,StockBlockStone,StockBlockStone,BushBlockSilver,StockBlockStone,StockBlockStone,StockBlockStone,BushBlockSilver,StockBlockStone,StockBlockStone,StockBlockStone,,,,,,,,,,,,,,,,
,,,,,,,,,,,,,,,,,,,,,,,,,,,,,,,,,,,,,,,,,,,,,,,,,,,,,,,,,,,,,,,,,,,,,,,,,,,,,,,,,,,,,,,,,,,,,,,,,,,,,,,,,,,,,,,,,,,,,,,,,,,,,,,,,,,,,,,,,,,,,,,,,,,,,,,,,,,,,,,,,,,,,,,,,,,,,,,,BushBlockSilver,StockBlockStone,BushBlockSilver,BushBlockSilver,BushBlockSilver,StockBlockStone,BushBlockSilver,BushBlockSilver,BushBlockSilver,StockBlockStone,BushBlockSilver,BushBlockSilver,BushBlockSilver,StockBlockStone,BushBlockSilver,BushBlockSilver,,,,,,,,,,,,,,,,
,,,,,,,,,,,,,,,,,,,,,,,,,,,,,,,,,,,,,,,,,,,,,,,,,,,,,,,,,,,,,,,,,,,,,,,,,,,,,,,,,,,,,,,,,,,,,,,,,,,,,,,,,,,,,,,,,,,,,,,,,,,,,,,,,,,,,,,,,,,,,,,,,,,,,,,,,,,,,,,,,,,,,,,,,,,,,,,,StockBlockStone,BushBlockSilver,StockBlockStone,StockBlockStone,StockBlockStone,BushBlockSilver,StockBlockStone,StockBlockStone,StockBlockStone,BushBlockSilver,StockBlockStone,StockBlockStone,StockBlockStone,BushBlockSilver,StockBlockStone,StockBlockStone,,,,,,,,,,,,,,,,
,,,,,,,,,,,,,,,,,,,,,,,,,,,,,,,,,,,,,,,,,,,,,,,,,,,,,,,,,,,,,,,,,,,,,,,,,,,,,,,,,,,,,,,,,,,,,,,,,,,,,,,,,,,,,,,,,,,,,,,,,,,,,,,,,,,,,,,,,,,,,,,,,,,,,,,,,,,,,,,,,,,,,,,,,,,,,,,,StockBlockStone,StockBlockStone,BushBlockSilver,StockBlockStone,StockBlockStone,StockBlockStone,BushBlockSilver,StockBlockStone,StockBlockStone,StockBlockStone,BushBlockSilver,StockBlockStone,StockBlockStone,StockBlockStone,BushBlockSilver,StockBlockStone,,,,,,,,,,,,,,,,
,,,,,,,,,,,,,,,,,,,,,,,,,,,,,,,,,,,,,,,,,,,,,,,,,,,,,,,,,,,,,,,,,,,,,,,,,,,,,,,,,,,,,,,,,,,,,,,,,,,,,,,,,,,,,,,,,,,,,,,,,,,,,,,,,,,,,,,,,,,,,,,,,,,,,,,,,,,,,,,,,,,,,,,,,,,,,,,,BushBlockSilver,StockBlockStone,StockBlockStone,StockBlockStone,BushBlockSilver,StockBlockStone,StockBlockStone,StockBlockStone,BushBlockSilver,StockBlockStone,StockBlockStone,StockBlockStone,BushBlockSilver,StockBlockStone,StockBlockStone,StockBlockStone,,,,,,,,,,,,,,,,
,,,,,,,,,,,,,,,,,,,,,,,,,,,,,,,,,,,,,,,,,,,,,,,,,,,,,,,,,,,,,,,,,,,,,,,,,,,,,,,,,,,,,,,,,,,,,,,,,,,,,,,,,,,,,,,,,,,,,,,,,,,,,,,,,,,,,,,,,,,,,,,,,,,,,,,,,,,,,,,,,,,,,,,,,,,,,,,,BushBlockSilver,StockBlockStone,BushBlockSilver,BushBlockSilver,BushBlockSilver,StockBlockStone,BushBlockSilver,BushBlockSilver,BushBlockSilver,StockBlockStone,BushBlockSilver,BushBlockSilver,BushBlockSilver,StockBlockStone,BushBlockSilver,BushBlockSilver,,,,,,,,,,,,,,,,
,,,,,,,,,,,,,,,,,,,,,,,,,,,,,,,,,,,,,,,,,,,,,,,,,,,,,,,,,,,,,,,,,,,,,,,,,,,,,,,,,,,,,,,,,,,,,,,,,,,,,,,,,,,,,,,,,,,,,,,,,,,,,,,,,,,,,,,,,,,,,,,,,,,,,,,,,,,,,,,,,,,,,,,,,,,,,,,,StockBlockStone,BushBlockSilver,StockBlockStone,StockBlockStone,StockBlockStone,BushBlockSilver,StockBlockStone,StockBlockStone,StockBlockStone,BushBlockSilver,StockBlockStone,StockBlockStone,StockBlockStone,BushBlockSilver,StockBlockStone,StockBlockStone,,,,,,,,,,,,,,,,
,,,,,,,,,,,,,,,,,,,,,,,,,,,,,,,,,,,,,,,,,,,,,,,,,,,,,,,,,,,,,,,,,,,,,,,,,,,,,,,,,,,,,,,,,,,,,,,,,,,,,,,,,,,,,,,,,,,,,,,,,,,,,,,,,,,,,,,,,,,,,,,,,,,,,,,,,,,,,,,,,,,,,,,,,,,,,,,,StockBlockStone,StockBlockStone,BushBlockSilver,StockBlockStone,StockBlockStone,StockBlockStone,BushBlockSilver,StockBlockStone,StockBlockStone,StockBlockStone,BushBlockSilver,StockBlockStone,StockBlockStone,StockBlockStone,BushBlockSilver,StockBlockStone,,,,,,,,,,,,,,,,
,,,,,,,,,,,,,,,,,,,,,,,,,,,,,,,,,,,,,,,,,,,,,,,,,,,,,,,,,,,,,,,,,,,,,,,,,,,,,,,,,,,,,,,,,,,,,,,,,,,,,,,,,,,,,,,,,,,,,,,,,,,,,,,,,,,,,,,,,,,,,,,,,,,,,,,,,,,,,,,,,,,,,,,,,,,,,,,,BushBlockSilver,StockBlockStone,StockBlockStone,StockBlockStone,BushBlockSilver,StockBlockStone,StockBlockStone,StockBlockStone,BushBlockSilver,StockBlockStone,StockBlockStone,StockBlockStone,BushBlockSilver,StockBlockStone,StockBlockStone,StockBlockStone,,,,,,,,,,,,,,,,
,,,,,,,,,,,,,,,,,,,,,,,,,,,,,,,,,,,,,,,,,,,,,,,,,,,,,,,,,,,,,,,,,,,,,,,,,,,,,,,,,,,,,,,,,,,,,,,,,,,,,,,,,,,,,,,,,,,,,,,,,,,,,,,,,,,,,,,,,,,,,,,,,,,,,,,,,,,,,,,,,,,,,,,,,,,,,,,,BushBlockSilver,StockBlockStone,BushBlockSilver,BushBlockSilver,BushBlockSilver,StockBlockStone,BushBlockSilver,BushBlockSilver,BushBlockSilver,StockBlockStone,BushBlockSilver,BushBlockSilver,BushBlockSilver,StockBlockStone,BushBlockSilver,BushBlockSilver,,,,,,,,,,,,,,,,
,,,,,,,,,,,,,,,,,,,,,,,,,,,,,,,,,,,,,,,,,,,,,,,,,,,,,,,,,,,,,,,,,,,,,,,,,,,,,,,,,,,,,,,,,,,,,,,,,,,,,,,,,,,,,,,,,,,,,,,,,,,,,,,,,,,,,,,,,,,,,,,,,,,,,,,,,,,,,,,,,,,,,,,,,,,,,,,,StockBlockStone,BushBlockSilver,StockBlockStone,StockBlockStone,StockBlockStone,BushBlockSilver,StockBlockStone,StockBlockStone,StockBlockStone,BushBlockSilver,StockBlockStone,StockBlockStone,StockBlockStone,BushBlockSilver,StockBlockStone,StockBlockStone,,,,,,,,,,,,,,,,
,,,,,,,,,,,,,,,,,,,,,,,,,,,,,,,,,,,,,,,,,,,,,,,,,,,,,,,,,,,,,,,,,,,,,,,,,,,,,,,,,,,,,,,,,,,,,,,,,,,,,,,,,,,,,,,,,,,,,,,,,,,,,,,,,,,,,,,,,,,,,,,,,,,,,,,,,,,,,,,,,,,,,,,,,,,,,,,,StockBlockStone,StockBlockStone,BushBlockSilver,StockBlockStone,StockBlockStone,StockBlockStone,BushBlockSilver,StockBlockStone,StockBlockStone,StockBlockStone,BushBlockSilver,StockBlockStone,StockBlockStone,StockBlockStone,BushBlockSilver,StockBlockStone,,,,,,,,,,,,,,,,
,,,,,,,,,,,,,,,,,,,,,,,,,,,,,,,,,,,,,,,,,,,,,,,,,,,,,,,,,,,,,,,,,,,,,,,,,,,,,,,,,,,,,,,,,,,,,,,,,,,,,,,,,,,,,,,,,,,,,,,,,,,,,,,,,,,,,,,,,,,,,,,,,,,,,,,,,,,,,,,,,,,,,,,,,,,,,,,,BushBlockSilver,StockBlockStone,StockBlockStone,StockBlockStone,BushBlockSilver,StockBlockStone,StockBlockStone,StockBlockStone,BushBlockSilver,StockBlockStone,StockBlockStone,StockBlockStone,BushBlockSilver,StockBlockStone,StockBlockStone,StockBlockStone,,,,,,,,,,,,,,,,
,,,,,,,,,,,,,,,,,,,,,,,,,,,,,,,,,,,,,,,,,,,,,,,,,,,,,,,,,,,,,,,,,,,,,,,,,,,,,,,,,,,,,,,,,,,,,,,,,,,,,,,,,,,,,,,,,,,,,,,,,,,,,,,,,,,,,,,,,,,,,,,,,,,,,,,,,,,,,,,,,,,,,,,,,,,,,,,,BushBlockSilver,StockBlockStone,BushBlockSilver,BushBlockSilver,BushBlockSilver,StockBlockStone,BushBlockSilver,BushBlockSilver,BushBlockSilver,StockBlockStone,BushBlockSilver,BushBlockSilver,BushBlockSilver,StockBlockStone,BushBlockSilver,BushBlockSilver,,,,,,,,,,,,,,,,
,,,,,,,,,,,,,,,,,,,,,,,,,,,,,,,,,,,,,,,,,,,,,,,,,,,,,,,,,,,,,,,,,,,,,,,,,,,,,,,,,,,,,,,,,,,,,,,,,,,,,,,,,,,,,,,,,,,,,,,,,,,,,,,,,,,,,,,,,,,,,,,,,,,,,,,,,,,,,,,,,,,,,,,,,,,,,,,,StockBlockStone,BushBlockSilver,StockBlockStone,StockBlockStone,StockBlockStone,BushBlockSilver,StockBlockStone,StockBlockStone,StockBlockStone,BushBlockSilver,StockBlockStone,StockBlockStone,StockBlockStone,BushBlockSilver,StockBlockStone,StockBlockStone,,,,,,,,,,,,,,,,
,,,,,,,,,,,,,,,,,,,,,,,,,,,,,,,,,,,,,,,,,,,,,,,,,,,,,,,,,,,,,,,,,,,,,,,,,,,,,,,,,,,,,,,,,,,,,,,,,,,,,,,,,,,,,,,,,,,,,,,,,,,,,,,,,,,,,,,,,,,,,,,,,,,,,,,,,,,,,,,,,,,,,,,,,,,,,,,,,,,,,,,,,,,,,,,,StockBlockStone,StockBlockStone,BushBlockSilver,StockBlockStone,StockBlockStone,StockBlockStone,BushBlockSilver,StockBlockStone,StockBlockStone,StockBlockStone,BushBlockSilver,StockBlockStone,StockBlockStone,StockBlockStone,BushBlockSilver,StockBlockStone
,,,,,,,,,,,,,,,,,,,,,,,,,,,,,,,,,,,,,,,,,,,,,,,,,,,,,,,,,,,,,,,,,,,,,,,,,,,,,,,,,,,,,,,,,,,,,,,,,,,,,,,,,,,,,,,,,,,,,,,,,,,,,,,,,,,,,,,,,,,,,,,,,,,,,,,,,,,,,,,,,,,,,,,,,,,,,,,,,,,,,,,,,,,,,,,,BushBlockSilver,StockBlockStone,StockBlockStone,StockBlockStone,BushBlockSilver,StockBlockStone,StockBlockStone,StockBlockStone,BushBlockSilver,StockBlockStone,StockBlockStone,StockBlockStone,BushBlockSilver,StockBlockStone,StockBlockStone,StockBlockStone
,,,,,,,,,,,,,,,,,,,,,,,,,,,,,,,,,,,,,,,,,,,,,,,,,,,,,,,,,,,,,,,,,,,,,,,,,,,,,,,,,,,,,,,,,,,,,,,,,,,,,,,,,,,,,,,,,,,,,,,,,,,,,,,,,,,,,,,,,,,,,,,,,,,,,,,,,,,,,,,,,,,,,,,,,,,,,,,,,,,,,,,,,,,,,,,,BushBlockSilver,StockBlockStone,BushBlockSilver,BushBlockSilver,BushBlockSilver,StockBlockStone,BushBlockSilver,BushBlockSilver,BushBlockSilver,StockBlockStone,BushBlockSilver,BushBlockSilver,BushBlockSilver,StockBlockStone,BushBlockSilver,BushBlockSilver
,,,,,,,,,,,,,,,,,,,,,,,,,,,,,,,,,,,,,,,,,,,,,,,,,,,,,,,,,,,,,,,,,,,,,,,,,,,,,,,,,,,,,,,,,,,,,,,,,,,,,,,,,,,,,,,,,,,,,,,,,,,,,,,,,,,,,,,,,,,,,,,,,,,,,,,,,,,,,,,,,,,,,,,,,,,,,,,,,,,,,,,,,,,,,,,,StockBlockStone,BushBlockSilver,StockBlockStone,StockBlockStone,StockBlockStone,BushBlockSilver,StockBlockStone,StockBlockStone,StockBlockStone,BushBlockSilver,StockBlockStone,StockBlockStone,StockBlockStone,BushBlockSilver,StockBlockStone,StockBlockStone
,,,,,,,,,,,,,,,,,,,,,,,,,,,,,,,,,,,,,,,,,,,,,,,,,,,,,,,,,,,,,,,,,,,,,,,,,,,,,,,,,,,,,,,,,,,,,,,,,,,,,,,,,,,,,,,,,,,,,,,,,,,,,,,,,,,,,,,,,,,,,,,,,,,,,,,,,,,,,,,,,,,,,,,,,,,,,,,,,,,,,,,,,,,,,,,,StockBlockStone,StockBlockStone,BushBlockSilver,StockBlockStone,StockBlockStone,StockBlockStone,BushBlockSilver,StockBlockStone,StockBlockStone,StockBlockStone,BushBlockSilver,StockBlockStone,StockBlockStone,StockBlockStone,BushBlockSilver,StockBlockStone
,,,,,,,,,,,,,,,,,,,,,,,,,,,,,,,,,,,,,,,,,,,,,,,,,,,,,,,,,,,,,,,,,,,,,,,,,,,,,,,,,,,,,,,,,,,,,,,,,,,,,,,,,,,,,,,,,,,,,,,,,,,,,,,,,,,,,,,,,,,,,,,,,,,,,,,,,,,,,,,,,,,,,,,,,,,,,,,,,,,,,,,,,,,,,,,,BushBlockSilver,StockBlockStone,StockBlockStone,StockBlockStone,BushBlockSilver,StockBlockStone,StockBlockStone,StockBlockStone,BushBlockSilver,StockBlockStone,StockBlockStone,StockBlockStone,BushBlockSilver,StockBlockStone,StockBlockStone,StockBlockStone
,,,,,,,,,,,,,,,,,,,,,,,,,,,,,,,,,,,,,,,,,,,,,,,,,,,,,,,,,,,,,,,,,,,,,,,,,,,,,,,,,,,,,,,,,,,,,,,,,,,,,,,,,,,,,,,,,,,,,,,,,,,,,,,,,,,,,,,,,,,,,,,,,,,,,,,,,,,,,,,,,,,,,,,,,,,,,,,,,,,,,,,,,,,,,,,,BushBlockSilver,StockBlockStone,BushBlockSilver,BushBlockSilver,BushBlockSilver,StockBlockStone,BushBlockSilver,BushBlockSilver,BushBlockSilver,StockBlockStone,BushBlockSilver,BushBlockSilver,BushBlockSilver,StockBlockStone,BushBlockSilver,BushBlockSilver
,,,,,,,,,,,,,,,,,,,,,,,,,,,,,,,,,,,,,,,,,,,,,,,,,,,,,,,,,,,,,,,,,,,,,,,,,,,,,,,,,,,,,,,,,,,,,,,,,,,,,,,,,,,,,,,,,,,,,,,,,,,,,,,,,,,,,,,,,,,,,,,,,,,,,,,,,,,,,,,,,,,,,,,,,,,,,,,,,,,,,,,,,,,,,,,,StockBlockStone,BushBlockSilver,StockBlockStone,StockBlockStone,StockBlockStone,BushBlockSilver,StockBlockStone,StockBlockStone,StockBlockStone,BushBlockSilver,StockBlockStone,StockBlockStone,StockBlockStone,BushBlockSilver,StockBlockStone,StockBlockStone
,,,,,,,,,,,,,,,,,,,,,,,,,,,,,,,,,,,,,,,,,,,,,,,,,,,,,,,,,,,,,,,,,,,,,,,,,,,,,,,,,,,,,,,,,,,,,,,,,,,,,,,,,,,,,,,,,,,,,,,,,,,,,,,,,,,,,,,,,,,,,,,,,,,,,,,,,,,,,,,,,,,,,,,,,,,,,,,,,,,,,,,,,,,,,,,,StockBlockStone,StockBlockStone,BushBlockSilver,StockBlockStone,StockBlockStone,StockBlockStone,BushBlockSilver,StockBlockStone,StockBlockStone,StockBlockStone,BushBlockSilver,StockBlockStone,StockBlockStone,StockBlockStone,BushBlockSilver,StockBlockStone
,,,,,,,,,,,,,,,,,,,,,,,,,,,,,,,,,,,,,,,,,,,,,,,,,,,,,,,,,,,,,,,,,,,,,,,,,,,,,,,,,,,,,,,,,,,,,,,,,,,,,,,,,,,,,,,,,,,,,,,,,,,,,,,,,,,,,,,,,,,,,,,,,,,,,,,,,,,,,,,,,,,,,,,,,,,,,,,,,,,,,,,,,,,,,,,,BushBlockSilver,StockBlockStone,StockBlockStone,StockBlockStone,BushBlockSilver,StockBlockStone,StockBlockStone,StockBlockStone,BushBlockSilver,StockBlockStone,StockBlockStone,StockBlockStone,BushBlockSilver,StockBlockStone,StockBlockStone,StockBlockStone
,,,,,,,,,,,,,,,,,,,,,,,,,,,,,,,,,,,,,,,,,,,,,,,,,,,,,,,,,,,,,,,,,,,,,,,,,,,,,,,,,,,,,,,,,,,,,,,,,,,,,,,,,,,,,,,,,,,,,,,,,,,,,,,,,,,,,,,,,,,,,,,,,,,,,,,,,,,,,,,,,,,,,,,,,,,,,,,,,,,,,,,,,,,,,,,,BushBlockSilver,StockBlockStone,BushBlockSilver,BushBlockSilver,BushBlockSilver,StockBlockStone,BushBlockSilver,BushBlockSilver,BushBlockSilver,StockBlockStone,BushBlockSilver,BushBlockSilver,BushBlockSilver,StockBlockStone,BushBlockSilver,BushBlockSilver
,,,,,,,,,,,,,,,,,,,,,,,,,,,,,,,,,,,,,,,,,,,,,,,,,,,,,,,,,,,,,,,,,,,,,,,,,,,,,,,,,,,,,,,,,,,,,,,,,,,,,,,,,,,,,,,,,,,,,,,,,,,,,,,,,,,,,,,,,,,,,,,,,,,,,,,,,,,,,,,,,,,,,,,,,,,,,,,,,,,,,,,,,,,,,,,,StockBlockStone,BushBlockSilver,StockBlockStone,StockBlockStone,StockBlockStone,BushBlockSilver,StockBlockStone,StockBlockStone,StockBlockStone,BushBlockSilver,StockBlockStone,StockBlockStone,StockBlockStone,BushBlockSilver,StockBlockStone,StockBlockStone
,,,,,,,,,,,,,,,,,,,,,,,,,,,,,,,,,,,,,,,,,,,,,,,,,,,,,,,,,,,,,,,,,,,,,,,,,,,,,,,,,,,,,,,,,,,,,,,,,,,,,,,,,,,,,,,,,,,,,,,,,,,,,,,,,,,,,,,,,,,,,,,,,,,,,,,,,,,,,,,,,,,,,,,,,,,,,,,,,,,,,,,,,,,,,,,,StockBlockStone,StockBlockStone,BushBlockSilver,StockBlockStone,StockBlockStone,StockBlockStone,BushBlockSilver,StockBlockStone,StockBlockStone,StockBlockStone,BushBlockSilver,StockBlockStone,StockBlockStone,StockBlockStone,BushBlockSilver,StockBlockStone
,,,,,,,,,,,,,,,,,,,,,,,,,,,,,,,,,,,,,,,,,,,,,,,,,,,,,,,,,,,,,,,,,,,,,,,,,,,,,,,,,,,,,,,,,,,,,,,,,,,,,,,,,,,,,,,,,,,,,,,,,,,,,,,,,,,,,,,,,,,,,,,,,,,,,,,,,,,,,,,,,,,,,,,,,,,,,,,,,,,,,,,,,,,,,,,,BushBlockSilver,StockBlockStone,StockBlockStone,StockBlockStone,BushBlockSilver,StockBlockStone,StockBlockStone,StockBlockStone,BushBlockSilver,StockBlockStone,StockBlockStone,StockBlockStone,BushBlockSilver,StockBlockStone,StockBlockStone,StockBlockStone
,,,,,,,,,,,,,,,,,,,,,,,,,,,,,,,,,,,,,,,,,,,,,,,,,,,,,,,,,,,,,,,,,,,,,,,,,,,,,,,,,,,,,,,,,,,,,,,,,,,,,,,,,,,,,,,,,,,,,,,,,,,,,,,,,,,,,,,,,,,,,,,,,,,,,,,,,,,,,,,,,,,,,,,,,,,,,,,,,,,,,,,,,,,,,,,,BushBlockSilver,StockBlockStone,BushBlockSilver,BushBlockSilver,BushBlockSilver,StockBlockStone,BushBlockSilver,BushBlockSilver,BushBlockSilver,StockBlockStone,BushBlockSilver,BushBlockSilver,BushBlockSilver,StockBlockStone,BushBlockSilver,BushBlockSilver
,,,,,,,,,,,,,,,,,,,,,,,,,,,,,,,,,,,,,,,,,,,,,,,,,,,,,,,,,,,,,,,,,,,,,,,,,,,,,,,,,,,,,,,,,,,,,,,,,,,,,,,,,,,,,,,,,,,,,,,,,,,,,,,,,,,,,,,,,,,,,,,,,,,,,,,,,,,,,,,,,,,,,,,,,,,,,,,,,,,,,,,,,,,,,,,,StockBlockStone,BushBlockSilver,StockBlockStone,StockBlockStone,StockBlockStone,BushBlockSilver,StockBlockStone,StockBlockStone,StockBlockStone,BushBlockSilver,StockBlockStone,StockBlockStone,StockBlockStone,BushBlockSilver,StockBlockStone,StockBlockStone
